smiles,label,fold,embedding_0,embedding_1,embedding_2,embedding_3,embedding_4,embedding_5,embedding_6,embedding_7,embedding_8,embedding_9,embedding_10,embedding_11,embedding_12,embedding_13,embedding_14,embedding_15,embedding_16,embedding_17,embedding_18,embedding_19,embedding_20,embedding_21,embedding_22,embedding_23,embedding_24,embedding_25,embedding_26,embedding_27,embedding_28,embedding_29,embedding_30,embedding_31,embedding_32,embedding_33,embedding_34,embedding_35,embedding_36,embedding_37,embedding_38,embedding_39,embedding_40,embedding_41,embedding_42,embedding_43,embedding_44,embedding_45,embedding_46,embedding_47,embedding_48,embedding_49,embedding_50,embedding_51,embedding_52,embedding_53,embedding_54,embedding_55,embedding_56,embedding_57,embedding_58,embedding_59,embedding_60,embedding_61,embedding_62,embedding_63,embedding_64,embedding_65,embedding_66,embedding_67,embedding_68,embedding_69,embedding_70,embedding_71,embedding_72,embedding_73,embedding_74,embedding_75,embedding_76,embedding_77,embedding_78,embedding_79,embedding_80,embedding_81,embedding_82,embedding_83,embedding_84,embedding_85,embedding_86,embedding_87,embedding_88,embedding_89,embedding_90,embedding_91,embedding_92,embedding_93,embedding_94,embedding_95,embedding_96,embedding_97,embedding_98,embedding_99,embedding_100,embedding_101,embedding_102,embedding_103,embedding_104,embedding_105,embedding_106,embedding_107,embedding_108,embedding_109,embedding_110,embedding_111,embedding_112,embedding_113,embedding_114,embedding_115,embedding_116,embedding_117,embedding_118,embedding_119,embedding_120,embedding_121,embedding_122,embedding_123,embedding_124,embedding_125,embedding_126,embedding_127,embedding_128,embedding_129,embedding_130,embedding_131,embedding_132,embedding_133,embedding_134,embedding_135,embedding_136,embedding_137,embedding_138,embedding_139,embedding_140,embedding_141,embedding_142,embedding_143,embedding_144,embedding_145,embedding_146,embedding_147,embedding_148,embedding_149,embedding_150,embedding_151,embedding_152,embedding_153,embedding_154,embedding_155,embedding_156,embedding_157,embedding_158,embedding_159,embedding_160,embedding_161,embedding_162,embedding_163,embedding_164,embedding_165,embedding_166,embedding_167,embedding_168,embedding_169,embedding_170,embedding_171,embedding_172,embedding_173,embedding_174,embedding_175,embedding_176,embedding_177,embedding_178,embedding_179,embedding_180,embedding_181,embedding_182,embedding_183,embedding_184,embedding_185,embedding_186,embedding_187,embedding_188,embedding_189,embedding_190,embedding_191,embedding_192,embedding_193,embedding_194,embedding_195,embedding_196,embedding_197,embedding_198,embedding_199,embedding_200,embedding_201,embedding_202,embedding_203,embedding_204,embedding_205,embedding_206,embedding_207,embedding_208,embedding_209,embedding_210,embedding_211,embedding_212,embedding_213,embedding_214,embedding_215,embedding_216,embedding_217,embedding_218,embedding_219,embedding_220,embedding_221,embedding_222,embedding_223,embedding_224,embedding_225,embedding_226,embedding_227,embedding_228,embedding_229,embedding_230,embedding_231,embedding_232,embedding_233,embedding_234,embedding_235,embedding_236,embedding_237,embedding_238,embedding_239,embedding_240,embedding_241,embedding_242,embedding_243,embedding_244,embedding_245,embedding_246,embedding_247,embedding_248,embedding_249,embedding_250,embedding_251,embedding_252,embedding_253,embedding_254,embedding_255,embedding_256,embedding_257,embedding_258,embedding_259,embedding_260,embedding_261,embedding_262,embedding_263,embedding_264,embedding_265,embedding_266,embedding_267,embedding_268,embedding_269,embedding_270,embedding_271,embedding_272,embedding_273,embedding_274,embedding_275,embedding_276,embedding_277,embedding_278,embedding_279,embedding_280,embedding_281,embedding_282,embedding_283,embedding_284,embedding_285,embedding_286,embedding_287,embedding_288,embedding_289,embedding_290,embedding_291,embedding_292,embedding_293,embedding_294,embedding_295,embedding_296,embedding_297,embedding_298,embedding_299
CC[C@H](C)[C@@H]1NC(=O)[C@H](CC(C)C)N(C)C(=O)C[C@@H](C(=O)N2CCOCC2)N(C)C(=O)[C@H](C2CCCC2)N(C)C(=O)C2(CCCC2)NC(=O)[C@@H]2CCCN2C(=O)[C@H](CCc2ccc(C(F)(F)F)c(Cl)c2)NC(=O)CN(C)C(=O)[C@H](Cc2ccc(C)cc2)N(C)C(=O)[C@@H]2CCN2C(=O)[C@H](C)N(C)C1=O,9.85,1,-0.5836376,-0.5944323,1.9003294,-1.3508781,-1.4290061,1.2236223,0.7285147,-0.29331708,2.1874225,2.1657584,0.7464295,0.013812203,-0.9286384,-1.8155855,3.0947974,-1.7121422,0.11858792,0.9752605,3.7427268,-0.74647254,2.2117753,1.4134029,0.45088395,0.46135345,-2.0861185,0.9679991,0.37922877,1.0104481,0.1474905,-2.1931512,0.5430776,-0.81103307,1.6653439,-4.144283,-1.2977946,-2.501907,1.4158981,1.0188153,1.4957721,-0.8199915,2.1426036,-1.3454846,0.35830915,1.3021468,-1.4264843,0.11457957,1.5150388,0.99610597,-2.948213,1.4011215,2.4902647,1.1950955,1.7905165,0.43509626,0.40473002,0.632591,-0.15591927,0.42956346,-3.5127249,-3.4982545,2.1072397,1.47578,0.10818971,0.71921986,-2.457233,-0.6547711,1.9042348,0.5867756,1.2917628,0.08551369,-0.67843014,-3.3731685,2.9329693,1.5529596,-2.5696564,-2.2831166,0.8110781,-1.9868666,-1.0400563,-1.6683733,-1.1433191,-2.2282507,-0.8412852,-0.860844,2.302645,-0.9768857,-0.8348802,1.5858983,0.8844517,-3.7149692,-1.1110151,1.3606212,-0.006619245,-3.3086715,1.6793057,-0.31736317,0.086139485,-3.2518203,1.5444951,-3.5107064,-1.578193,0.27754894,-0.56395686,-1.8141009,-1.0283628,2.6483507,-0.33140236,0.386909,-0.04398414,0.6293712,-1.7256297,1.7218169,-0.32019374,-1.881612,-0.2974959,-0.12220035,2.4231143,-0.08623497,-1.5168641,2.7587764,-0.8751082,-1.5456289,0.57003134,3.4655857,-0.92712474,3.9661558,1.3381649,1.6207063,1.9567608,0.17363063,-1.4572314,-0.8931599,2.0832906,0.5367662,-1.4729339,-2.1876261,1.3200142,2.6045177,-0.1228095,-0.9613182,-0.4203658,-1.6921399,-3.306265,-0.55949956,1.4063787,-2.07406,-1.5574563,-1.92798,0.21568632,-3.7437403,0.17993923,2.0998898,-1.7439064,-0.98745257,0.6060542,1.4618554,0.3352412,0.6246675,0.10740758,2.2056222,-1.6434699,-2.9525464,2.9437127,2.2706203,-2.5808394,0.84370327,0.0652097,-0.039171714,-0.47997814,-0.09580329,-1.5117048,2.5140798,0.63999134,-2.1331072,-0.03365056,-1.0754385,2.7703612,-2.1410973,-1.3802978,-1.6478313,-1.3597299,-0.7240686,-1.4036735,-3.2198184,0.77101004,-1.3762754,-2.2137072,2.1891642,-1.9886748,2.3910084,3.6176379,0.8188998,-1.1320691,-1.4499108,1.0923094,0.6839492,-0.73926944,1.1540276,-1.7334075,-1.9293679,-0.5236768,-2.4870312,-0.24673213,0.071496524,0.3698583,-2.0237498,2.895614,-0.61691564,-1.4907186,3.4723608,1.0607778,-0.44512594,-1.6123992,-0.67725855,2.3355646,1.7534385,0.51362556,2.47398,0.82791376,-0.71398616,-1.078834,0.07291217,1.0953677,-2.1045253,0.8795434,0.86552864,1.2747507,-0.6794465,-0.7565111,0.5921342,2.8599339,3.9920914,0.15772022,2.2058628,0.57141596,-0.6695973,0.76341176,-0.8533805,0.9474054,-0.09386194,-0.75603515,2.6458464,-0.12638599,0.42125502,0.25777605,-0.80309933,1.3832198,-2.4215424,0.47212347,-2.2852519,-3.630902,1.2725432,0.20496844,-2.7888505,1.5221186,1.857323,-1.9539031,2.832635,-3.0876472,2.17248,-1.00645,0.49025986,0.5134348,-0.3637204,1.4171565,0.702066,-2.2150657,0.9997501,-0.7888852,-1.3734154,-1.4842436,-0.00498527,-2.0731585,2.4373133,1.9777318,-0.92393655,-1.2617675,-3.4253905,0.5265507,-0.098774925,0.5521458,0.6840495,0.86410266,0.6411421,1.065774,1.090577,-0.31196532,0.73540163,-1.4764737,2.1506324,-0.12732661,0.79891324,2.7413237,-3.1303563,-0.10097835,-1.6447877,1.3350986,2.118095,-0.8478069,1.9390719
CC[C@H](C)[C@@H]1NC(=O)[C@H](CC(C)C)N(C)C(=O)C[C@@H](C(=O)N2CCOCC2)N(C)C(=O)[C@H](C2CCCC2)N(C)C(=O)C2(CCCC2)NC(=O)[C@@H]2CCCN2C(=O)[C@H](CCc2ccc(C(F)(F)F)c(Cl)c2)NC(=O)CN(C)C(=O)[C@H](Cc2ccc(C(F)(F)F)cc2)N(CC)C(=O)[C@@H]2CCN2C(=O)[C@H](C)N(C)C1=O,9.74,5,-0.7035207,-0.7676586,1.782092,-1.2160176,-1.5543611,1.2855577,0.7845707,-0.33204427,2.193342,2.1949768,0.81904984,-0.017767152,-1.0382674,-1.9585458,3.302592,-1.6667569,0.13049358,1.1043662,3.83422,-0.8186796,2.1661649,1.5259789,0.5801706,0.43078202,-2.0940034,1.0104902,0.27486932,1.0269144,0.26823062,-2.2796314,0.7277224,-0.70789427,1.7333672,-4.2725086,-1.3052262,-2.3781075,1.5454082,1.1589173,1.7071561,-0.8137462,2.145402,-1.4607856,0.38340312,1.3286694,-1.5909652,0.29587862,1.5476621,0.9051268,-3.144559,1.2588985,2.6628883,1.1458176,1.8493448,0.43712494,0.4287321,0.58990896,-0.16935119,0.3615735,-3.4708037,-3.429537,1.9793276,1.6925937,0.22106646,0.85777503,-2.5868328,-0.6505788,1.965493,0.62130564,1.3254919,0.22785035,-0.5788236,-3.4776685,2.8170986,1.546935,-2.7509365,-2.3812795,0.8803217,-2.0430021,-1.0494775,-1.6730939,-1.2334055,-2.1997101,-0.907067,-0.90431917,2.3482075,-1.1955012,-0.8284952,1.6362145,0.76976883,-3.5891743,-1.0659533,1.5736343,-0.014673098,-3.2316825,1.7333193,-0.2619037,0.15175259,-3.199659,1.6115752,-3.527815,-1.585725,0.26023868,-0.6972372,-1.8779691,-1.0386614,2.6565807,-0.41288587,0.5298719,-0.2707539,0.5857961,-1.7817618,1.8023696,-0.42964745,-1.8623924,-0.42258045,-0.13948405,2.3824408,-0.033433676,-1.6104846,2.8561182,-0.9069442,-1.6203378,0.51454544,3.4304657,-0.92193645,3.8428442,1.3992519,1.7897799,1.9512101,0.25097927,-1.4914143,-0.98676676,2.1082866,0.5925738,-1.5531411,-2.1547928,1.397926,2.5420926,-0.2015211,-1.2120321,-0.46727577,-1.7336771,-3.310336,-0.6468861,1.3435891,-2.1140954,-1.6592405,-1.9543704,0.27123612,-3.8117108,0.19864573,2.0895946,-1.6883149,-1.0713487,0.6120525,1.4208006,0.19568053,0.6032179,0.21225157,2.2546067,-1.7127765,-3.2017133,3.1040435,2.3656855,-2.561965,0.97431296,0.043618392,-0.109087445,-0.48391667,-0.026231118,-1.6086767,2.5751812,0.72414196,-2.1074626,0.005718456,-1.0562897,2.761409,-1.9802133,-1.245262,-1.6665384,-1.4706715,-0.6296205,-1.432053,-3.2057984,0.8393996,-1.2463408,-2.1052716,2.342679,-2.1133282,2.6492498,3.674259,0.8184568,-1.143143,-1.4449749,1.0938635,0.7066753,-0.6939951,1.2893363,-1.74986,-1.98804,-0.5409091,-2.5388935,-0.28819552,-0.05985661,0.3788037,-2.0464203,3.0044086,-0.5694208,-1.5343632,3.3197925,1.0656228,-0.51537395,-1.5628531,-0.726121,2.3124614,1.6866448,0.5018242,2.3157413,0.6918149,-0.7509479,-1.0823935,0.17923205,1.079625,-2.0978265,0.79626566,0.90657175,1.4627362,-0.78315765,-0.55574733,0.60143125,3.0093095,4.0373836,0.15876798,2.1216764,0.51068544,-0.6415249,0.6105968,-0.9795045,0.98408556,-0.1201509,-0.7484172,2.6765788,-0.16494937,0.4972559,0.2694076,-0.6743834,1.4582399,-2.3587246,0.47779655,-2.3483803,-3.6950917,1.2606585,0.13084356,-2.7254498,1.4834731,1.8222858,-1.9209297,2.8040402,-3.1789927,2.2638605,-0.98920685,0.5528013,0.58401304,-0.37453714,1.1542817,0.7915797,-2.3019032,0.93567586,-0.8531619,-1.136833,-1.4137193,-0.006212626,-2.2220953,2.444777,1.9776009,-1.0338751,-1.0588202,-3.3934038,0.5126204,-0.041064836,0.48547912,0.776192,0.9124994,0.5134772,1.1951876,1.0725213,-0.43676835,0.734525,-1.493569,2.271205,-0.13203518,0.8247767,2.7419827,-3.1941276,0.036424726,-1.7601308,1.3129358,2.101833,-0.8955632,2.049021
CC[C@H](C)[C@@H]1NC(=O)[C@H](CC(C)C)N(C)C(=O)C[C@@H](C(=O)N2CCOCC2)N(C)C(=O)[C@H](C2CCCC2)N(C)C(=O)C2(CCCC2)NC(=O)[C@@H]2CCCN2C(=O)[C@H](CCc2ccc(C(F)(F)F)c(Cl)c2)NC(=O)CN(C)C(=O)[C@H](C2CCCC2)N(CC)C(=O)[C@@H]2CCN2C(=O)[C@H](C)N(C)C1=O,8.7,3,-0.64291173,-0.6286178,1.7662112,-1.2661531,-1.4359747,1.1911343,0.71268183,-0.2615235,2.1612988,2.1242054,0.79631025,0.08908921,-0.7918233,-1.8068175,3.082672,-1.6678584,0.09245247,0.99754167,3.7007751,-0.6934363,2.1999955,1.4807689,0.45324862,0.38130164,-1.9811146,0.9357827,0.4559261,0.99630314,0.16507927,-2.1620426,0.5222991,-0.7737251,1.5911176,-4.0003386,-1.2468861,-2.3929086,1.4905831,0.97159904,1.4552988,-0.7971524,2.0039933,-1.3696934,0.2968638,1.2882566,-1.3885636,0.060042538,1.5330886,0.98828894,-2.9149044,1.368369,2.534626,1.2249625,1.7165077,0.3508825,0.53552824,0.5661617,-0.11378402,0.36495385,-3.4936843,-3.4377682,1.9578832,1.4399843,0.12971511,0.72382957,-2.3824522,-0.65391463,1.9141484,0.67872036,1.2918316,0.10892412,-0.6582115,-3.252018,2.9119985,1.5344601,-2.4806714,-2.2155874,0.7839412,-2.0399446,-0.93435824,-1.6866574,-1.062694,-2.0971506,-0.7620509,-0.7981493,2.1497495,-0.96897244,-0.773406,1.591328,0.8214181,-3.6110482,-1.0384777,1.3435881,-0.06773641,-3.3156664,1.5736898,-0.25095654,0.0910896,-3.1223755,1.5355251,-3.4445817,-1.4860651,0.22862174,-0.5779488,-1.7459033,-0.99802035,2.6329517,-0.2735215,0.34952396,-0.06888954,0.62368745,-1.6785138,1.6855386,-0.26981363,-1.8885905,-0.31200296,-0.10736723,2.3579693,-0.12079782,-1.463934,2.6978605,-0.85567486,-1.4692273,0.55374306,3.3333316,-0.8611558,3.7934825,1.4224313,1.5736712,1.9947919,0.19670714,-1.3930634,-0.8857764,2.0253747,0.54120666,-1.4939555,-2.0904028,1.3370645,2.4940507,-0.12828441,-0.90309685,-0.42448318,-1.6389666,-3.244756,-0.5307367,1.3866104,-1.9747956,-1.5986593,-1.944167,0.18650931,-3.7387667,0.17006654,2.0878837,-1.6711015,-0.97434676,0.5143939,1.4425938,0.33932042,0.6926301,0.07737662,2.1519802,-1.5944997,-2.870481,2.9543588,2.2708914,-2.5118074,0.7870767,0.166779,-0.0036034053,-0.50349337,-0.11435206,-1.4866639,2.452427,0.6224574,-2.0143387,-0.025895925,-1.0705392,2.6388955,-2.113074,-1.2668729,-1.6139205,-1.2614732,-0.67430246,-1.4330808,-3.0744066,0.74713093,-1.3324292,-2.128913,2.1941173,-1.9592711,2.3553946,3.533592,0.7975181,-1.0233063,-1.3668954,1.080133,0.57323384,-0.7038265,1.2215592,-1.6250411,-2.0204997,-0.5793414,-2.4397779,-0.27379775,0.06698796,0.43153447,-2.054416,2.9072616,-0.58780134,-1.4966271,3.257121,1.1047953,-0.4563163,-1.5847021,-0.6508691,2.1776547,1.7100588,0.4904817,2.397615,0.8731329,-0.6456341,-1.0286349,0.11860146,1.0557563,-2.0327115,0.7930549,0.85128504,1.2724438,-0.7138922,-0.64083624,0.5994457,2.8158443,3.843842,0.13546914,2.1150992,0.519433,-0.5776583,0.61313355,-0.8807058,0.85749185,-0.08400421,-0.7227584,2.5150006,-0.10735403,0.47359228,0.34115583,-0.7224979,1.3311502,-2.3410459,0.52579176,-2.2630842,-3.5326393,1.2365535,0.07949229,-2.762124,1.4908377,1.761586,-1.9499651,2.7087522,-2.9796903,2.160619,-0.92105716,0.4624625,0.54099303,-0.32658288,1.2735398,0.6988732,-2.119268,0.906508,-0.81116164,-1.2886066,-1.4706826,0.017927215,-2.07222,2.4335055,1.9020715,-0.9149965,-1.2509534,-3.4075205,0.55770344,-0.07236609,0.5159739,0.55965537,0.8996951,0.6134013,1.0447127,1.0404351,-0.3328816,0.6869434,-1.5371192,2.1802444,-0.09005231,0.8534777,2.7003243,-3.0656404,-0.023185762,-1.632408,1.2894946,2.2188218,-0.9259442,1.7096189
CC[C@H](C)[C@@H]1NC(=O)[C@H](CC(C)C)N(C)C(=O)C[C@@H](C(=O)N2CCOCC2)N(C)C(=O)[C@H](C2CCCC2)N(C)C(=O)C2(CCCC2)NC(=O)[C@@H]2CCCN2C(=O)[C@H](CCc2ccc(C(F)(F)F)c(Cl)c2)NC(=O)CN(CC)C(=O)[C@H](Cc2ccc(C)cc2)N(C)C(=O)[C@@H]2CCN2C(=O)[C@H](C)N(C)C1=O,8.62,4,-0.5790344,-0.59032285,1.9163977,-1.3683729,-1.4495668,1.2381749,0.71230507,-0.29537985,2.1888762,2.1788828,0.75137645,0.010637913,-0.9227037,-1.8261075,3.1058877,-1.7293159,0.12985875,0.9762326,3.7605894,-0.7517443,2.237493,1.4253143,0.4449392,0.44861025,-2.0988,0.9655299,0.39633316,1.0322578,0.1416473,-2.2032273,0.531254,-0.8244326,1.6757243,-4.181586,-1.3033993,-2.5453768,1.4179342,1.0355513,1.4993428,-0.81910706,2.162661,-1.3566815,0.36208794,1.3149924,-1.428136,0.10649346,1.5334337,1.0126033,-2.9530752,1.4095689,2.503051,1.2123779,1.8152678,0.45193636,0.41004035,0.6437129,-0.15476379,0.43781364,-3.5582106,-3.5186865,2.1281044,1.4807658,0.10415126,0.7288396,-2.472861,-0.65939444,1.9183227,0.59270924,1.3066174,0.095194995,-0.6820568,-3.3917716,2.9603837,1.5652544,-2.5792704,-2.298894,0.8143232,-2.0052125,-1.0513934,-1.6751453,-1.1472617,-2.2455568,-0.83905905,-0.8659004,2.3252387,-0.9713141,-0.8280329,1.5889093,0.89649093,-3.7548487,-1.1301876,1.3674433,-0.0006353783,-3.3376877,1.695027,-0.32473025,0.069229126,-3.2758796,1.571617,-3.5259602,-1.5973775,0.28768495,-0.555213,-1.8103504,-1.0406481,2.662,-0.3222641,0.36645746,-0.045534886,0.6199681,-1.7457333,1.7215599,-0.31137496,-1.9042342,-0.30454776,-0.11695565,2.4570153,-0.07823451,-1.5223233,2.7834682,-0.87319,-1.5586988,0.5787065,3.494296,-0.9404626,4.000338,1.3601885,1.6318854,1.9750608,0.16855809,-1.4862976,-0.9063885,2.1034553,0.540313,-1.4779557,-2.1969635,1.3279108,2.6198375,-0.12120677,-0.95540303,-0.42760125,-1.7190151,-3.3440096,-0.55924946,1.4206996,-2.070672,-1.5644268,-1.934042,0.20997082,-3.7938254,0.17943032,2.1341612,-1.7547426,-0.9773747,0.59821886,1.4689915,0.34650767,0.6278799,0.1074438,2.206457,-1.641813,-2.975034,2.963495,2.3015199,-2.5958073,0.8315486,0.06370476,-0.025297698,-0.48929954,-0.1004347,-1.5218488,2.5311072,0.6458546,-2.1462562,-0.033503387,-1.0881321,2.7979226,-2.154795,-1.3809714,-1.669761,-1.3709046,-0.73410535,-1.4050562,-3.2415726,0.78669757,-1.4042709,-2.2374382,2.1964843,-1.9890474,2.4067721,3.6281652,0.8085664,-1.1257629,-1.4593601,1.1033415,0.6970668,-0.7553225,1.1691182,-1.7413725,-1.9460486,-0.5285717,-2.5058568,-0.24754952,0.07291764,0.38643396,-2.0518446,2.915973,-0.6204887,-1.5012097,3.5055819,1.0709479,-0.4326067,-1.6393409,-0.6826966,2.3661149,1.7740532,0.51679754,2.5076745,0.843774,-0.72212297,-1.1003698,0.06866409,1.1118215,-2.1159678,0.87094796,0.86781406,1.2847102,-0.6725935,-0.7762949,0.5935302,2.884488,4.0290475,0.15122631,2.227821,0.5854423,-0.6769953,0.7825344,-0.8614057,0.9626642,-0.08021376,-0.76084125,2.6690435,-0.1277276,0.4240697,0.26610538,-0.8136502,1.3963081,-2.4482267,0.46842483,-2.2912297,-3.6621668,1.2744514,0.19253525,-2.8163192,1.5282395,1.8726989,-1.969588,2.861701,-3.113175,2.1796234,-1.0158033,0.4830836,0.5066244,-0.37088642,1.4522766,0.7144208,-2.2326267,0.99766266,-0.78266764,-1.4015846,-1.4936548,-0.00018097335,-2.0974412,2.4577167,1.9990087,-0.9402807,-1.2777714,-3.4699621,0.5301121,-0.09968197,0.56293494,0.67888296,0.85934293,0.6553958,1.074936,1.0923629,-0.31690705,0.7359379,-1.4899629,2.1792052,-0.14139062,0.8074015,2.7775266,-3.1584592,-0.11143316,-1.6457336,1.3414496,2.1465254,-0.8555668,1.9634686
CC[C@H](C)[C@@H]1NC(=O)[C@H](CC(C)C)N(C)C(=O)C[C@@H](C(=O)N2CCOCC2)N(C)C(=O)[C@H](C2CCCC2)N(C)C(=O)C2(CCCC2)NC(=O)[C@@H]2CCCN2C(=O)[C@H](CCc2ccc(C(F)(F)F)c(Cl)c2)NC(=O)CN(CC)C(=O)[C@H](Cc2ccc(C)cc2)N(CC)C(=O)[C@@H]2CCN2C(=O)[C@H](C)N(C)C1=O,8.82,5,-0.5677868,-0.58391505,1.9315066,-1.3840885,-1.4732299,1.2541385,0.6997448,-0.30069804,2.1900315,2.1902432,0.75416213,0.008240472,-0.9175404,-1.8304052,3.1195977,-1.7446797,0.13836163,0.97919166,3.77582,-0.7548895,2.259222,1.4382428,0.43819907,0.42954025,-2.1128263,0.9613337,0.40735677,1.0552878,0.13340518,-2.2067075,0.52232987,-0.8382428,1.6867943,-4.215247,-1.310798,-2.5872955,1.4201633,1.0517834,1.4998584,-0.81487453,2.182204,-1.3716723,0.36709696,1.3332143,-1.4270276,0.1023055,1.5463699,1.0259917,-2.9553444,1.4193361,2.5084133,1.2241461,1.8434008,0.46504253,0.41702005,0.65541863,-0.15096527,0.4485629,-3.5973623,-3.5355759,2.1491349,1.4858214,0.09617687,0.73912406,-2.4886658,-0.66525155,1.933716,0.6022456,1.3207728,0.10723089,-0.6839723,-3.408696,2.9792435,1.5775317,-2.5917456,-2.3144171,0.8148906,-2.0236516,-1.0627145,-1.6845568,-1.1531475,-2.2569654,-0.8412936,-0.86246634,2.3546844,-0.971189,-0.8202523,1.5904497,0.90975344,-3.7903137,-1.1459512,1.3710752,0.004887751,-3.3610516,1.7091018,-0.33665568,0.049839932,-3.2949195,1.5992376,-3.5430932,-1.6179379,0.2954018,-0.548139,-1.8106275,-1.0513451,2.6741643,-0.31920052,0.3468678,-0.045514885,0.61417615,-1.7652568,1.7212543,-0.3010673,-1.9239956,-0.31449565,-0.111194216,2.490222,-0.06820975,-1.5288996,2.802608,-0.8789068,-1.5679705,0.5876689,3.5232143,-0.9554367,4.030827,1.3817115,1.6465949,1.9845698,0.16157615,-1.5191265,-0.91887975,2.1274738,0.5469764,-1.4836799,-2.2087762,1.3323909,2.6369803,-0.12101557,-0.9530204,-0.43590853,-1.7426443,-3.3786728,-0.55846184,1.4402038,-2.0680735,-1.5731224,-1.9290164,0.20400128,-3.8466053,0.17953,2.1631866,-1.7671651,-0.9632999,0.5939787,1.4805281,0.35686588,0.6322526,0.103304595,2.2044866,-1.6421155,-2.9947946,2.97892,2.3281078,-2.6104143,0.82084334,0.058256764,-0.014068732,-0.49744007,-0.10953891,-1.5317554,2.545667,0.6457356,-2.164488,-0.02765547,-1.1028769,2.8212078,-2.165788,-1.3817229,-1.6899078,-1.3827875,-0.738525,-1.4122456,-3.2647943,0.8027005,-1.4282583,-2.2588637,2.2037427,-1.9933529,2.4188013,3.6412563,0.80152595,-1.1185834,-1.4721403,1.1148164,0.715247,-0.76620513,1.1870657,-1.7483909,-1.9666342,-0.53081113,-2.5245004,-0.24810208,0.0743388,0.40053284,-2.0781102,2.936514,-0.6247592,-1.5183907,3.5407846,1.078493,-0.4251782,-1.6666489,-0.6883454,2.3946414,1.7992171,0.52313894,2.5419283,0.8532131,-0.72814405,-1.1249627,0.0615566,1.126189,-2.1239047,0.861057,0.8748359,1.2973648,-0.669327,-0.7970633,0.5945607,2.9076316,4.070009,0.15034342,2.2504678,0.6053772,-0.68544626,0.8078265,-0.8683321,0.97894865,-0.06704881,-0.76661766,2.6932287,-0.1299251,0.42419443,0.2746471,-0.8291664,1.4076461,-2.4707603,0.46731448,-2.298363,-3.6892948,1.2793064,0.181287,-2.8418756,1.5333389,1.8896953,-1.9827827,2.8886638,-3.1387918,2.1879709,-1.0285634,0.47864133,0.50353765,-0.3742113,1.488889,0.7235092,-2.2544448,0.997767,-0.77581084,-1.4317355,-1.4997038,0.005025369,-2.1179914,2.4753678,2.0226371,-0.95798737,-1.2921475,-3.5141535,0.5298334,-0.09677017,0.5708125,0.67882437,0.851487,0.66965663,1.0818493,1.0931005,-0.3240988,0.7391464,-1.5076853,2.2114027,-0.15528455,0.8129403,2.8164933,-3.1892776,-0.11987406,-1.647007,1.3422517,2.175787,-0.86291957,1.9880147
CC[C@H](C)[C@@H]1NC(=O)[C@H](C)N(C)C(=O)C[C@@H](C(=O)N2CCOCC2)N(C)C(=O)[C@H](C2CCCC2)N(C)C(=O)C2(CCCC2)NC(=O)[C@@H]2CCCN2C(=O)[C@H](CCc2ccc(C(F)(F)F)c(Cl)c2)NC(=O)CN(C)C(=O)[C@H](Cc2ccc(C)cc2)N(CC)C(=O)[C@@H]2CCN2C(=O)[C@H](C)N(C)C1=O,10.13,4,-0.6791111,-0.64453685,1.7801927,-1.3082294,-1.3871812,1.1882536,0.75859076,-0.27886957,2.101587,2.0973177,0.7158834,-0.010298957,-0.9827624,-1.8160185,3.074366,-1.5924951,0.065031596,0.9897876,3.6274612,-0.7881521,2.0737176,1.3976064,0.49724227,0.38145807,-2.0604858,0.95377016,0.29247162,0.94638973,0.18956207,-2.18387,0.60501164,-0.7455385,1.6604801,-4.0732536,-1.2440275,-2.348877,1.3938966,1.0426401,1.5450782,-0.7340395,2.0738113,-1.2945008,0.3509451,1.2513218,-1.4144921,0.16729912,1.561413,0.9038847,-2.912652,1.2801875,2.5287073,1.0757377,1.7372843,0.42372736,0.3923154,0.6053886,-0.16320767,0.42829698,-3.3627577,-3.3071046,1.9818856,1.4899447,0.1449002,0.70960027,-2.3947127,-0.66032565,1.8143432,0.6042363,1.2873237,0.14446451,-0.64535856,-3.3050652,2.7746677,1.4742208,-2.5658078,-2.307845,0.81994575,-1.9252918,-1.0317249,-1.6531752,-1.1461715,-2.1458194,-0.85404456,-0.8506004,2.2285993,-1.0440155,-0.8135803,1.5486486,0.7900878,-3.5156703,-1.0527779,1.3987111,0.020447252,-3.1775289,1.6648182,-0.3115077,0.16119711,-3.189038,1.5207725,-3.3773222,-1.5197667,0.27036732,-0.6399443,-1.7329766,-1.02004,2.512263,-0.3586754,0.3806776,-0.116601825,0.62929493,-1.6579055,1.7141995,-0.43210122,-1.751428,-0.29593667,-0.11529307,2.3297405,-0.10210262,-1.497047,2.7178671,-0.91285795,-1.5205021,0.50960225,3.3402286,-0.91128445,3.771607,1.2576685,1.6335253,1.8867792,0.20337138,-1.4220104,-0.8598024,2.001135,0.5212598,-1.4938573,-2.1150331,1.2778294,2.43826,-0.1569808,-1.059627,-0.4788729,-1.6499412,-3.258592,-0.58210427,1.3528581,-2.0030231,-1.4752111,-1.800777,0.23618966,-3.6623507,0.21732451,2.0254095,-1.6711291,-0.9179526,0.58145756,1.4073597,0.27655202,0.638034,0.1118302,2.2142103,-1.6341513,-2.8843458,2.9274979,2.2207859,-2.5012155,0.8832166,0.06772562,-0.08222006,-0.45503548,-0.047296863,-1.5086972,2.4300773,0.65932167,-2.070855,-0.02267361,-1.0818987,2.6585944,-2.0087266,-1.3113303,-1.5782965,-1.3716702,-0.73466355,-1.3737402,-3.0975215,0.7339667,-1.2320188,-2.1213622,2.166614,-1.9894705,2.4045448,3.5281205,0.74198127,-1.0377201,-1.4261099,1.0619013,0.6582569,-0.6672995,1.1476498,-1.6602503,-1.8478203,-0.4631711,-2.3831215,-0.34508747,0.04455729,0.38645145,-1.9553564,2.760898,-0.5632647,-1.425959,3.2944713,1.0098633,-0.42350444,-1.5744822,-0.6894937,2.2480311,1.6560328,0.5316157,2.2734923,0.7335647,-0.69279015,-1.0300028,0.08795097,1.0393938,-2.0374746,0.8864897,0.78075004,1.2896098,-0.734268,-0.57465047,0.63536984,2.8258138,3.8632045,0.096211016,2.1503603,0.5394091,-0.67731607,0.6580117,-0.83588785,0.9700648,-0.18650886,-0.68220073,2.5832496,-0.11835702,0.480312,0.22711629,-0.7517274,1.3399237,-2.3220968,0.46159595,-2.2603695,-3.5183752,1.2497226,0.17088744,-2.6773324,1.4502403,1.715874,-1.8407431,2.7315214,-3.0566664,2.1243994,-0.92510265,0.4961318,0.57595176,-0.2952553,1.2562135,0.7109207,-2.0926476,0.973338,-0.7847996,-1.2534652,-1.3557259,0.046632785,-2.0271206,2.3603652,1.8672438,-0.8926146,-1.1471953,-3.2776287,0.46972868,-0.07526842,0.47407687,0.67998344,0.88618034,0.5530811,1.0569651,1.0255703,-0.34377766,0.7091043,-1.4737978,2.0455852,-0.1814611,0.78466743,2.666224,-3.0385542,-0.071197405,-1.6906515,1.3261038,2.0055509,-0.8586904,1.9946971
CC[C@H](C)[C@@H]1NC(=O)[C@H](CC(C)C)N(C)C(=O)C[C@@H](C(=O)N2CCOCC2)N(C)C(=O)[C@H](C2CCCC2)N(C)C(=O)C2(CCCC2)NC(=O)[C@@H]2CCCN2C(=O)[C@H](CCc2ccc(C(F)(F)F)c(Cl)c2)NC(=O)CN(C)C(=O)[C@H](Cc2ccccc2)N(C)C(=O)[C@@H]2CCN2C(=O)[C@H](C)N(C)C1=O,9.52,4,-0.65900326,-0.6660484,1.8076942,-1.3243676,-1.4568541,1.1871585,0.80231166,-0.29067728,2.1930215,2.1442811,0.809971,0.042405337,-0.99526113,-1.8371909,3.15385,-1.6711549,0.060567774,1.0634507,3.7589107,-0.7556035,2.21606,1.4413267,0.495677,0.43783543,-2.0980349,0.96443933,0.31779182,0.9604576,0.16115147,-2.2189388,0.67358416,-0.7952162,1.7220464,-4.128099,-1.2530998,-2.4072928,1.4514697,1.0670804,1.527873,-0.84949017,2.178612,-1.3388224,0.36976975,1.2707882,-1.486429,0.17707689,1.5630978,0.96430194,-2.9924355,1.3768433,2.5951073,1.2127707,1.7743303,0.36766282,0.4200777,0.5755474,-0.1699062,0.44001836,-3.477643,-3.4708138,2.0420475,1.5335433,0.19580124,0.68477887,-2.436548,-0.66644704,1.9167191,0.6311327,1.3274077,0.122710414,-0.6514375,-3.3616445,2.9088857,1.5369531,-2.5934987,-2.3605897,0.8340932,-2.0279486,-0.9896547,-1.6844286,-1.1636579,-2.172313,-0.8635515,-0.8287213,2.2844582,-1.0462941,-0.8335196,1.6019678,0.797076,-3.6411088,-1.0542516,1.4015243,-0.0047368715,-3.3286061,1.7029328,-0.312345,0.16862652,-3.2413995,1.4960668,-3.5309901,-1.5809802,0.23967586,-0.59847575,-1.7930863,-1.0158141,2.6460736,-0.3347539,0.42165634,-0.10443461,0.677851,-1.7671969,1.7439197,-0.41738296,-1.8756078,-0.2718238,-0.14614537,2.3875608,-0.12910806,-1.4906346,2.7722032,-0.908437,-1.5245245,0.5368049,3.4018397,-0.90317994,3.8402872,1.3383768,1.6546817,1.988936,0.21095076,-1.4175814,-0.89065635,2.0497024,0.53403574,-1.512069,-2.1634254,1.3580842,2.569494,-0.15006009,-1.0851403,-0.4806105,-1.6663923,-3.3257542,-0.5992923,1.3931844,-2.0362394,-1.6010722,-1.9174237,0.2157597,-3.715073,0.18622282,2.0859292,-1.6797817,-1.0283619,0.5920258,1.4283556,0.27844435,0.6529164,0.11928127,2.2240467,-1.7150024,-2.9740672,3.0187702,2.241115,-2.583994,0.88944656,0.10748548,-0.059516337,-0.42597944,-0.050317567,-1.5408605,2.536819,0.6438302,-2.1228125,-0.011336143,-1.0438544,2.7725148,-2.111058,-1.3438135,-1.6296762,-1.3413916,-0.7174613,-1.4650022,-3.183718,0.7318971,-1.305134,-2.160097,2.2564213,-2.0379438,2.422924,3.6047482,0.8428286,-1.1056634,-1.4718345,1.1092042,0.63133705,-0.7269949,1.1906716,-1.7118971,-1.9321842,-0.51246244,-2.4773042,-0.31752247,0.050962146,0.38889453,-1.9705479,2.8532226,-0.58886397,-1.4720126,3.3448043,1.097764,-0.49036694,-1.5529603,-0.6865674,2.2399938,1.6878225,0.5338814,2.3722768,0.81423724,-0.6865253,-1.050566,0.10330752,1.0570022,-2.1047516,0.91775,0.82787323,1.2765687,-0.74943644,-0.6430528,0.6765142,2.9073477,3.9706638,0.11115691,2.1573772,0.5905077,-0.6221623,0.67757404,-0.8399603,0.9528597,-0.17410703,-0.72062737,2.5973756,-0.10004116,0.45581558,0.31353122,-0.75678396,1.3576939,-2.3935318,0.45925802,-2.3200142,-3.6199248,1.3002014,0.15075077,-2.764836,1.4956524,1.791333,-1.9191293,2.774536,-3.1279325,2.2105393,-0.978391,0.5510096,0.58869654,-0.32122788,1.2650307,0.77863437,-2.1618304,0.9725619,-0.89175105,-1.2579551,-1.4496411,0.06283039,-2.104403,2.4131272,1.9300063,-0.925733,-1.2127042,-3.3875859,0.50820667,-0.098276116,0.54661256,0.6740015,0.90930146,0.573101,1.0865719,1.1328423,-0.32077375,0.7444632,-1.5076572,2.124987,-0.11874871,0.8521066,2.723272,-3.077293,-0.051839493,-1.7378474,1.3498967,2.1155736,-0.9191539,1.9543974
CC[C@H](C)[C@@H]1NC(=O)[C@H](CC(C)C)N(C)C(=O)C[C@@H](C(=O)N2CCOCC2)N(C)C(=O)[C@H](C2CCCC2)N(C)C(=O)C2(CCCC2)NC(=O)[C@@H]2C[C@@H](O)CN2C(=O)[C@H](CCc2ccc(C(F)(F)F)c(Cl)c2)NC(=O)CN(C)C(=O)[C@H](Cc2ccc(C)cc2)N(CC)C(=O)[C@@H]2CCN2C(=O)[C@H](C)N(C)C1=O,10.14,2,-0.57258606,-0.6347261,1.92705,-1.2799786,-1.4594672,1.216652,0.7617766,-0.299607,2.1792166,2.187662,0.8255112,0.08907352,-0.92306346,-1.8418136,3.1099792,-1.7780904,0.037251133,0.9774279,3.750702,-0.70008945,2.2620242,1.4655979,0.36709732,0.47585002,-2.1193619,0.9689639,0.38811803,0.96792644,0.15412672,-2.276636,0.64230084,-0.7193269,1.6635575,-4.223455,-1.3206939,-2.4919553,1.4597523,1.0022163,1.5317732,-0.8133389,2.1496828,-1.3432003,0.34111884,1.2345707,-1.455664,0.0816157,1.5701331,0.9770245,-2.946989,1.4418756,2.5468318,1.2965502,1.8436879,0.4110968,0.39577067,0.6273328,-0.14400928,0.4324628,-3.6521394,-3.5828636,2.146433,1.4909536,0.1472738,0.6878038,-2.4997635,-0.6800695,1.9458865,0.58607507,1.3235211,0.10427068,-0.68969893,-3.4235444,3.0666108,1.5992961,-2.5416017,-2.346309,0.8832426,-2.0300848,-1.0979506,-1.6212593,-1.041029,-2.2624574,-0.85963076,-0.82832843,2.3690624,-1.0438734,-0.8638919,1.6798506,0.86033356,-3.7548556,-1.1226598,1.4258678,0.024659526,-3.3881066,1.7378685,-0.2986126,0.0646377,-3.2580698,1.5586902,-3.6185086,-1.5877186,0.25249523,-0.5198736,-1.7387888,-1.0773938,2.6280282,-0.42763266,0.35491785,-0.030158663,0.62844527,-1.7782911,1.7095488,-0.3452769,-1.9671785,-0.3249042,-0.100226134,2.4511874,-0.05813063,-1.5886905,2.8368,-0.94013214,-1.5097482,0.6592037,3.48469,-0.93628156,3.966111,1.3726321,1.6395808,1.9820102,0.11273381,-1.5274565,-0.97925484,2.1202977,0.5473626,-1.4492247,-2.1261652,1.387518,2.6435544,-0.080221735,-1.0012783,-0.405995,-1.7340397,-3.4357035,-0.52212524,1.3854835,-2.1019711,-1.600302,-1.9152201,0.22253259,-3.9168627,0.19154035,2.1315188,-1.657025,-1.0506204,0.6147499,1.4125375,0.31245992,0.73661935,0.035306625,2.2106106,-1.7181913,-2.9478033,3.0269587,2.3548803,-2.5739286,0.8212086,0.06589322,-0.039991587,-0.4689422,-0.11356693,-1.5222216,2.5532527,0.6771957,-2.1232681,-0.03244642,-1.1048393,2.8474312,-2.1381412,-1.4197898,-1.6590197,-1.3683716,-0.7420501,-1.4927278,-3.2733083,0.7891036,-1.4270338,-2.1990526,2.2596014,-1.9664466,2.4305992,3.6668003,0.89060843,-1.1122322,-1.43534,1.1627728,0.61367005,-0.77883863,1.229129,-1.7296965,-2.0366485,-0.5342811,-2.581905,-0.30269364,0.068143345,0.46854264,-2.0820992,2.972392,-0.63553417,-1.4830943,3.5031369,1.1462262,-0.42858887,-1.6087376,-0.6712116,2.3299136,1.7543323,0.48600322,2.4718897,0.8782357,-0.6768289,-1.0675876,0.1432999,1.1390443,-2.1307905,0.9301633,0.8699006,1.2065712,-0.7181316,-0.7842929,0.6326188,2.9424593,3.9782455,0.094104245,2.2818463,0.62939036,-0.64013076,0.7412627,-0.8851968,0.9167804,-0.11070095,-0.7610256,2.6492772,-0.12471024,0.40681246,0.33113438,-0.78470796,1.4046713,-2.4982882,0.5350342,-2.4002159,-3.6875262,1.292834,0.14276716,-2.896814,1.5673057,1.8427694,-1.9564339,2.8051353,-3.1692812,2.246239,-0.9974043,0.5451613,0.5714624,-0.4030961,1.437703,0.75885373,-2.220614,0.9784848,-0.7884547,-1.4381973,-1.5001395,0.03551505,-2.1779711,2.5223024,1.9236212,-0.87643933,-1.3188642,-3.4913933,0.5837047,-0.085125916,0.5942662,0.67304844,0.9040986,0.65742666,1.1156597,1.0974822,-0.24345696,0.76618487,-1.4562855,2.2145288,-0.11184777,0.88343906,2.8014786,-3.159764,-0.11936791,-1.6657215,1.396283,2.1734374,-0.9028898,1.9661783
CCO[C@@H]1C[C@H]2C(=O)NC3(CCCC3)C(=O)N(C)[C@@H](C3CCCC3)C(=O)N(C)[C@H](C(=O)N3CCOCC3)CC(=O)N(C)[C@@H](CC(C)C)C(=O)N[C@@H]([C@@H](C)CC)C(=O)N(C)[C@@H](C)C(=O)N3CC[C@H]3C(=O)N(CC)[C@@H](Cc3ccc(C)cc3)C(=O)N(C)CC(=O)N[C@@H](CCc3ccc(C(F)(F)F)c(Cl)c3)C(=O)N2C1,10.05,3,-0.6062842,-0.6400247,1.9616807,-1.3056891,-1.5026717,1.2790219,0.7377262,-0.27213335,2.2605715,2.1459956,0.79064995,0.055732533,-0.9232814,-1.8632443,3.2242215,-1.7557406,0.14632306,1.0481582,3.8542123,-0.72021353,2.2788892,1.5389612,0.4502265,0.42845535,-2.1225119,1.0126659,0.36803594,1.0334839,0.17086186,-2.2074656,0.583074,-0.84442276,1.7339772,-4.244836,-1.3432281,-2.609379,1.4728414,1.0479523,1.5981897,-0.8528286,2.2145958,-1.3463459,0.3484368,1.3472221,-1.4455963,0.15413234,1.5735139,0.9308331,-3.0047772,1.3750087,2.5921772,1.3001282,1.7706813,0.42892355,0.42797562,0.61095965,-0.13609686,0.42285982,-3.6438687,-3.537991,2.1432517,1.5720881,0.13402866,0.72471637,-2.570329,-0.67505264,2.0040972,0.6486262,1.2935321,0.13653873,-0.7079224,-3.4898324,2.9833982,1.5753739,-2.6590192,-2.3222451,0.8713128,-2.093963,-1.0124347,-1.6999311,-1.125804,-2.274636,-0.8654669,-0.842998,2.3430061,-1.0260917,-0.82946926,1.637339,0.88814557,-3.813033,-1.2109772,1.4740322,-0.002027003,-3.3892756,1.7751036,-0.37937364,0.14287986,-3.297847,1.57997,-3.6352239,-1.5967684,0.27685317,-0.59093976,-1.8428677,-1.1244757,2.7145715,-0.38831553,0.4239427,-0.1006222,0.6358156,-1.7837331,1.7506416,-0.3325066,-1.953848,-0.27756876,-0.11931338,2.4397597,-0.11598574,-1.6086938,2.8645992,-0.9039714,-1.6094443,0.5938957,3.5267646,-1.0063498,4.0716166,1.3375741,1.6906314,2.0209694,0.17268965,-1.5515077,-0.98341334,2.2160761,0.59478354,-1.5320594,-2.1788533,1.3848723,2.637687,-0.12614062,-1.0064571,-0.4925912,-1.7612228,-3.406537,-0.58232576,1.4317296,-2.0556245,-1.6647285,-1.9760263,0.19993182,-3.899472,0.16338734,2.1985495,-1.7402775,-0.9659835,0.5908882,1.4607989,0.37399882,0.6765165,0.0978628,2.2282069,-1.7176293,-3.1184566,3.0173726,2.3647547,-2.629714,0.82601047,0.12205546,-0.047875322,-0.54472584,-0.10561019,-1.5120213,2.6195207,0.6827717,-2.189746,0.027968695,-1.1408048,2.845152,-2.2398758,-1.3391727,-1.7117412,-1.4318208,-0.76583993,-1.4313898,-3.2686002,0.7752925,-1.3815465,-2.290193,2.2597203,-1.964242,2.5065842,3.6791446,0.8342256,-1.1392182,-1.4963634,1.1624724,0.6915591,-0.75849396,1.275482,-1.7521485,-1.9956332,-0.57531816,-2.5951917,-0.22835666,0.08647581,0.41394973,-2.0811403,2.9488077,-0.60733604,-1.5342633,3.5551379,1.0794374,-0.46108016,-1.7124645,-0.6784636,2.370784,1.7475481,0.56686056,2.5895524,0.8758964,-0.74896026,-1.1101149,0.101312086,1.1473325,-2.1261346,0.85806876,0.850358,1.316583,-0.72706866,-0.7723457,0.61542195,3.0032344,4.1350975,0.13801803,2.2772534,0.6399597,-0.6993699,0.7702633,-0.84621596,0.9454719,-0.14441174,-0.7746575,2.7549407,-0.15372321,0.45197633,0.3075424,-0.84409326,1.4722433,-2.5158598,0.5140079,-2.3282614,-3.7952375,1.3069644,0.1502304,-2.8555152,1.5495299,1.8726044,-1.9927919,2.8975463,-3.2125702,2.2263005,-1.0132293,0.54878944,0.58356214,-0.4081976,1.483374,0.7675251,-2.236708,1.010451,-0.8115259,-1.3506111,-1.4948679,0.054808885,-2.1653621,2.5055773,2.0627646,-0.9875921,-1.2869351,-3.5050883,0.53253,-0.12043668,0.5552911,0.6351826,0.83138555,0.6698628,1.0788324,1.1340772,-0.35440072,0.7204301,-1.5195395,2.271445,-0.06141194,0.7958692,2.8835557,-3.2129235,-0.15591538,-1.6790525,1.2694092,2.2703083,-0.8116726,1.9900144
CC[C@H](C)[C@@H]1NC(=O)[C@H](CC(C)C)N(C)C(=O)C[C@@H](C(=O)N2CCOCC2)N(C)C(=O)[C@H](C(C)C)N(C)C(=O)C2(CCCC2)NC(=O)[C@@H]2CCCN2C(=O)[C@H](CCc2ccc(C(F)(F)F)c(Cl)c2)NC(=O)CN(C)C(=O)[C@H](Cc2ccc(C)cc2)N(CC)C(=O)[C@@H]2CCN2C(=O)[C@H](C)N(C)C1=O,8.57,4,-0.4657154,-0.5477215,1.9690921,-1.2840587,-1.4313034,1.1741419,0.71621794,-0.3428484,2.1607656,2.1020563,0.7621206,0.013523246,-0.9294814,-1.785305,2.971736,-1.6783369,0.1931565,1.033525,3.711621,-0.7055144,2.2549446,1.4166366,0.38185626,0.4114244,-2.0600483,0.9638787,0.39004174,1.0273525,0.101001136,-2.116814,0.5239228,-0.8594762,1.7236476,-4.1148014,-1.2754232,-2.6192348,1.401439,0.9984802,1.4075314,-0.8342894,2.2099245,-1.2887421,0.38602215,1.2094849,-1.3961302,0.13772976,1.4899099,1.0006902,-2.8351002,1.394848,2.4134321,1.2810808,1.8457701,0.474239,0.3739382,0.567183,-0.1292425,0.48518008,-3.555236,-3.3973222,2.2126591,1.4946597,0.13522007,0.67979074,-2.4352026,-0.64645326,1.8451955,0.5192947,1.2523056,0.060579274,-0.60402197,-3.287138,2.9799442,1.520622,-2.4413197,-2.2950943,0.8285999,-2.0103827,-1.0094905,-1.6198449,-1.139104,-2.172573,-0.8083163,-0.7782717,2.3860526,-0.94622374,-0.83472735,1.5319253,0.9051125,-3.6960154,-1.1448529,1.3634579,0.026310705,-3.229991,1.6648183,-0.40803578,0.06564719,-3.1561375,1.555624,-3.5351493,-1.6616236,0.25798252,-0.43901545,-1.7447166,-1.0288119,2.5895483,-0.35222757,0.30183956,-0.035522487,0.6350195,-1.7605883,1.6764445,-0.3191385,-1.9172939,-0.27582136,-0.09272034,2.3809316,-0.012015134,-1.527513,2.720128,-0.8405709,-1.5211422,0.59855175,3.3868701,-0.9542889,3.9256346,1.3390269,1.6205772,1.947287,0.124279626,-1.5268278,-0.89358354,1.9892288,0.5842188,-1.394784,-2.1296678,1.3103156,2.6341126,-0.11572245,-0.98282444,-0.44897467,-1.7448052,-3.279318,-0.5369461,1.3973019,-2.0406928,-1.5442479,-1.9230591,0.2465669,-3.7231112,0.1395403,2.083766,-1.7194611,-0.97646827,0.6234662,1.4325883,0.4198563,0.55625767,0.11541986,2.081731,-1.6608795,-2.9541788,2.9109898,2.296338,-2.509459,0.8053502,0.07110605,0.0146111315,-0.37771982,-0.1337765,-1.4875932,2.5361638,0.6634812,-2.1166947,-0.045689598,-1.0726122,2.816175,-2.128665,-1.390589,-1.7128751,-1.3532145,-0.6822878,-1.3992445,-3.2187967,0.79096836,-1.3852211,-2.2021499,2.1079824,-1.9286994,2.3218653,3.4314153,0.83151,-1.1448036,-1.3986288,1.1224204,0.7471372,-0.791817,1.1724021,-1.7116826,-1.8588095,-0.5128843,-2.5369368,-0.22863854,0.12185099,0.39708152,-1.9518632,2.8891718,-0.6334782,-1.4159986,3.4937592,1.0925562,-0.3815972,-1.5298506,-0.6363501,2.2664208,1.7243642,0.49903005,2.4622653,0.811558,-0.6990285,-1.0814502,0.015374206,1.07832,-2.0690777,0.81918406,0.8487772,1.2132616,-0.6540475,-0.84580946,0.64779496,2.8777514,3.9996257,0.12529443,2.153615,0.6535286,-0.7284622,0.80606496,-0.7827645,0.9541515,-0.13097104,-0.7756361,2.5936496,-0.12105793,0.4040161,0.30485767,-0.83430237,1.3916023,-2.4044137,0.40315816,-2.2445493,-3.6322305,1.3061875,0.12847468,-2.711907,1.511415,1.931964,-1.9325198,2.8188527,-3.0563664,2.1182938,-1.0824409,0.44122902,0.49395576,-0.40019307,1.4781741,0.72033423,-2.254331,0.9956987,-0.7721531,-1.4020932,-1.475602,0.054078292,-2.0325675,2.415144,1.965759,-0.94734967,-1.2772944,-3.4252293,0.5314663,-0.07713219,0.6354714,0.67866147,0.74601203,0.7135365,1.0332284,1.1281958,-0.2601201,0.70631874,-1.4706194,2.166152,-0.07370622,0.8351772,2.7552378,-3.0793958,-0.17577228,-1.5984952,1.2750736,2.0827622,-0.7772763,1.9726262
CC[C@H](C)[C@@H]1NC(=O)[C@H](CC(C)C)N(C)C(=O)C[C@@H](C(=O)N2CCOCC2)N(C)C(=O)[C@H](CC(C)C)N(C)C(=O)C2(CCCC2)NC(=O)[C@@H]2CCCN2C(=O)[C@H](CCc2ccc(C(F)(F)F)c(Cl)c2)NC(=O)CN(C)C(=O)[C@H](Cc2ccc(C)cc2)N(CC)C(=O)[C@@H]2CCN2C(=O)[C@H](C)N(C)C1=O,8.8,4,-0.41856202,-0.5268616,1.9867994,-1.3002058,-1.4539522,1.1822901,0.70235056,-0.34268296,2.2000475,2.1449637,0.7665694,0.03542212,-0.9182458,-1.76187,2.9881332,-1.7352383,0.21811275,1.0226202,3.768417,-0.66996425,2.3105764,1.4346918,0.36417416,0.43587115,-2.078679,0.97103274,0.40707237,1.0207725,0.08441645,-2.1203582,0.48766637,-0.8749696,1.7030883,-4.152186,-1.2909198,-2.667076,1.4187957,1.003637,1.38434,-0.87917095,2.230692,-1.306238,0.38941792,1.247652,-1.4011446,0.12532838,1.4799473,1.0547262,-2.8583617,1.4494714,2.3893037,1.3227396,1.8721231,0.47929388,0.3822302,0.59356225,-0.13529387,0.46971166,-3.6044528,-3.483747,2.2454956,1.4949244,0.12163758,0.69522834,-2.4655347,-0.66979086,1.9044837,0.511588,1.2694242,0.03740951,-0.6170743,-3.3229437,3.0376472,1.5511879,-2.4410167,-2.282767,0.82965267,-2.0311644,-1.0145158,-1.6320693,-1.143019,-2.22089,-0.80010194,-0.7924718,2.407979,-0.9381498,-0.86375135,1.5425638,0.9152723,-3.8054836,-1.1562866,1.3569696,0.0009850652,-3.279564,1.6515107,-0.41680717,0.059507992,-3.1781788,1.5529295,-3.5930033,-1.669849,0.270486,-0.42038754,-1.7906281,-1.0382776,2.6378543,-0.33448166,0.3059154,-0.0132187605,0.6325994,-1.7957885,1.6770812,-0.2423407,-1.9703492,-0.27016217,-0.11675599,2.442351,-0.015127182,-1.5418906,2.7526226,-0.82706326,-1.530768,0.6435543,3.4334202,-0.9720323,4.019661,1.3580159,1.6312448,1.9633273,0.1284965,-1.5340997,-0.91621715,2.0266602,0.59357005,-1.3843522,-2.1612637,1.3560382,2.6870792,-0.12775274,-0.9582236,-0.42267096,-1.7704524,-3.2945917,-0.51285774,1.4148926,-2.048308,-1.5908833,-1.9862484,0.22436844,-3.7553332,0.114504665,2.0966668,-1.7470076,-1.0057724,0.65213525,1.4329219,0.43296403,0.55930924,0.11515249,2.0823252,-1.6633229,-2.9791567,2.9086347,2.3092637,-2.5540144,0.8082965,0.06502929,0.039031733,-0.38011625,-0.14920565,-1.4879931,2.560345,0.6641037,-2.1488836,-0.050591253,-1.0837219,2.8667548,-2.1790888,-1.3996586,-1.7633953,-1.3618809,-0.6664633,-1.4120013,-3.274942,0.8059904,-1.4416071,-2.222019,2.1242232,-1.9210575,2.3187914,3.478217,0.8590834,-1.1875852,-1.4325439,1.137522,0.77060294,-0.8296429,1.1923723,-1.7579446,-1.8968642,-0.52483684,-2.5692575,-0.1815194,0.11628741,0.4123307,-1.974901,2.937427,-0.6528477,-1.4658998,3.5505655,1.1128983,-0.41008982,-1.5592402,-0.63063496,2.294839,1.7641871,0.49476764,2.552357,0.85395914,-0.7229218,-1.1180052,0.01441244,1.1034851,-2.100332,0.8079587,0.8866472,1.2302613,-0.63486665,-0.93623036,0.60424304,2.8750265,4.0546002,0.18812232,2.1766253,0.66970867,-0.6950816,0.84779257,-0.82022846,0.9296807,-0.10564812,-0.8052999,2.6252847,-0.13740478,0.37104046,0.35269025,-0.85439,1.4041631,-2.4254148,0.39938995,-2.2512882,-3.6781385,1.311152,0.13980173,-2.747535,1.5184485,2.0214217,-1.966475,2.8668783,-3.0803757,2.1523504,-1.1132246,0.43745396,0.44972685,-0.42912707,1.5626304,0.713449,-2.330579,1.0081508,-0.7839253,-1.4534479,-1.5378109,0.025918478,-2.0349903,2.4546714,2.0218446,-0.9622444,-1.322616,-3.5021772,0.5240564,-0.10127707,0.6734367,0.6806966,0.7287059,0.75126106,1.051601,1.1703506,-0.25848883,0.7316142,-1.4606782,2.2064588,-0.04220346,0.84245634,2.7621145,-3.0978475,-0.1732603,-1.5804527,1.284836,2.1576076,-0.78589296,1.9503194
CC[C@H](C)[C@@H]1NC(=O)[C@H](CC(C)C)N(C)C(=O)C[C@@H](C(=O)N2CCOCC2)N(C)C(=O)[C@H](C2CCCC2)N(C)C(=O)C2(CCCC2)NC(=O)[C@@H]2CCCN2C(=O)[C@H](CCc2ccc(C(F)(F)F)c(Cl)c2)NC(=O)CN(C)C(=O)[C@H](Cc2ccc(C)cc2)N(C)C(=O)CN(C)C(=O)CN(C)C1=O,10.11,5,-0.5856956,-0.6366955,1.8166447,-1.2901049,-1.424185,1.1894051,0.70125276,-0.28941837,2.1293952,2.141166,0.72618085,0.037984204,-0.94596016,-1.7533956,3.069616,-1.6958364,0.09368096,0.96970814,3.6702557,-0.75335085,2.1366744,1.4133993,0.4756345,0.4057251,-2.0687973,0.9626436,0.34448808,0.9829773,0.17018585,-2.1618958,0.54892284,-0.7552349,1.6201353,-4.0534034,-1.2733799,-2.404189,1.3753985,1.0372305,1.5067165,-0.8133968,2.076062,-1.3251345,0.3109439,1.3112147,-1.4612254,0.11804135,1.4937401,0.9279974,-2.901169,1.3464501,2.4669042,1.1177099,1.7698847,0.41764632,0.4015234,0.65868795,-0.17657538,0.37802655,-3.3951566,-3.4069245,2.0360386,1.4828994,0.11869817,0.7325352,-2.3810685,-0.63968337,1.847393,0.57952046,1.241689,0.09941448,-0.6388447,-3.295584,2.844784,1.5194297,-2.5174832,-2.2558217,0.85055923,-1.9597619,-1.0415887,-1.6588461,-1.080509,-2.1806893,-0.8648202,-0.8624384,2.2588358,-1.0217918,-0.8581772,1.5262133,0.8244677,-3.6427202,-1.0282546,1.3911275,-0.0010744153,-3.176654,1.6481162,-0.26918346,0.13781199,-3.2042491,1.531366,-3.4306946,-1.4992319,0.25269404,-0.6097296,-1.8305851,-1.0117447,2.5444558,-0.33054483,0.37477955,-0.0408649,0.6333836,-1.6752485,1.7179816,-0.34574038,-1.7996429,-0.30876654,-0.15685052,2.3383782,-0.08981091,-1.5116254,2.7043748,-0.9199666,-1.5340226,0.5625246,3.4108624,-0.92162305,3.8445902,1.3051142,1.59848,1.9476002,0.20544301,-1.4084938,-0.8979937,2.053869,0.54575825,-1.4351826,-2.1725025,1.3343716,2.4855125,-0.12508573,-0.991001,-0.39932865,-1.6545469,-3.2353373,-0.5733439,1.33766,-2.060619,-1.53192,-1.8762167,0.2546128,-3.6465793,0.19114456,1.9960288,-1.6918979,-0.95867664,0.61875844,1.4042355,0.27878666,0.6264713,0.13005137,2.202542,-1.6169128,-2.9044287,2.9092932,2.1821425,-2.5308182,0.8969747,0.019857233,-0.0489146,-0.42194635,-0.062168468,-1.5039582,2.4503667,0.63232636,-2.1233237,-0.07209531,-1.0846006,2.7078133,-2.0837922,-1.3413912,-1.5940778,-1.3576089,-0.7003667,-1.376993,-3.1723428,0.78132325,-1.2300055,-2.141056,2.1364121,-1.9687943,2.3761528,3.5241637,0.7719725,-1.1281512,-1.4367167,1.0484903,0.68181115,-0.6880767,1.1503798,-1.6606821,-1.9014027,-0.50368255,-2.4211524,-0.2509076,0.05601435,0.3707364,-1.9543196,2.7877142,-0.5819661,-1.4906747,3.379651,1.0192606,-0.45768654,-1.5616466,-0.68331367,2.2771912,1.6849581,0.5075606,2.3781471,0.8164248,-0.68993396,-1.0472449,0.08970529,1.0598358,-2.039535,0.8407917,0.8091429,1.3154787,-0.6951493,-0.702937,0.53879696,2.774908,3.8603675,0.2088348,2.1785557,0.51511306,-0.6591797,0.6990779,-0.84866947,0.93818784,-0.07071555,-0.71360636,2.618394,-0.15021148,0.40194315,0.25528282,-0.7983884,1.3127737,-2.3499925,0.45233104,-2.3185828,-3.5176768,1.2506368,0.23951231,-2.708832,1.4801958,1.8331792,-1.8685002,2.7996898,-3.0580993,2.1669872,-0.9800659,0.47862905,0.56588346,-0.31523818,1.368078,0.6502581,-2.1697745,0.9814771,-0.7428742,-1.3003775,-1.4340482,-0.029385487,-2.0313022,2.3573532,1.9419396,-0.9067394,-1.2259153,-3.3175447,0.4783917,-0.1043974,0.4962266,0.7425267,0.847236,0.6009383,1.0821562,1.0461478,-0.29511604,0.7488786,-1.4114645,2.0788665,-0.12879108,0.7641365,2.6450737,-3.0713222,-0.07245186,-1.66365,1.3659478,2.0562744,-0.89056087,1.9409841
CC[C@H](C)[C@@H]1NC(=O)[C@H](CC(C)C)N(C)C(=O)C[C@@H](C(=O)N2CCOCC2)N(C)C(=O)[C@H](C2CCCC2)N(C)C(=O)C2(CCCC2)NC(=O)[C@@H]2CCCN2C(=O)[C@H](CCc2ccc(C(F)(F)F)c(Cl)c2)NC(=O)CN(C)C(=O)[C@H](Cc2ccc(C)cc2)N(C)C(=O)CN(CC)C(=O)CN(C)C1=O,9.47,2,-0.58205026,-0.63192165,1.8378762,-1.3077294,-1.4395949,1.2033417,0.6824435,-0.29334757,2.1385703,2.1561546,0.73097587,0.033272937,-0.9365775,-1.7621039,3.0793183,-1.7093729,0.10529313,0.9680373,3.6873553,-0.752529,2.1603906,1.4268057,0.467652,0.39257988,-2.0869808,0.96039283,0.3562979,1.0023276,0.16526738,-2.1759171,0.53766984,-0.7695071,1.6319418,-4.0909424,-1.2850448,-2.446525,1.3802775,1.0489151,1.5077511,-0.80789703,2.0889068,-1.3354726,0.31584033,1.3221846,-1.4623077,0.115012094,1.5080467,0.940294,-2.9102812,1.3586068,2.4775338,1.1279784,1.7915325,0.43283668,0.40016034,0.6753103,-0.17265771,0.38671827,-3.4337564,-3.4305055,2.0576537,1.487777,0.11453426,0.73994344,-2.3983312,-0.64324903,1.8664275,0.58659863,1.2558266,0.10647641,-0.6409045,-3.3093672,2.8706083,1.5352848,-2.528632,-2.2670422,0.85257685,-1.9769591,-1.0586185,-1.6615429,-1.0835531,-2.19974,-0.86143005,-0.86779845,2.2810419,-1.016465,-0.854987,1.527916,0.83995676,-3.6814032,-1.0513505,1.3978689,0.008816087,-3.2088044,1.6662035,-0.27426466,0.11719549,-3.2251031,1.5552819,-3.4464345,-1.5133901,0.26033512,-0.59778315,-1.8286583,-1.0228485,2.5527823,-0.32579854,0.36000493,-0.04423717,0.62838876,-1.692401,1.7214233,-0.33202627,-1.8243979,-0.31623855,-0.15020463,2.3673015,-0.07708228,-1.5209862,2.725401,-0.923002,-1.548317,0.56914,3.440086,-0.9342254,3.8778274,1.3251926,1.6158772,1.9591365,0.19721766,-1.4397161,-0.9100197,2.0691113,0.5523081,-1.4333646,-2.179509,1.3384696,2.5030122,-0.11990949,-0.97818416,-0.4046338,-1.6726279,-3.271814,-0.5743032,1.3511559,-2.0654762,-1.5387818,-1.8795351,0.24583356,-3.7014143,0.19212325,2.0285738,-1.7049153,-0.9562303,0.60942924,1.4095284,0.2935997,0.6274921,0.12843032,2.2106447,-1.6173282,-2.9257505,2.9304953,2.2145376,-2.5468745,0.8860083,0.019871695,-0.03861179,-0.43285006,-0.07292801,-1.511731,2.4702363,0.63357335,-2.134709,-0.07336131,-1.0978019,2.7334294,-2.098713,-1.3357879,-1.6140103,-1.3716577,-0.7066184,-1.3810238,-3.1923666,0.7973755,-1.257999,-2.1689143,2.1444623,-1.9667747,2.3925247,3.5352142,0.7642497,-1.1184282,-1.4406734,1.0558413,0.6940513,-0.70384157,1.1672834,-1.6633672,-1.9137906,-0.51122755,-2.4433434,-0.25502953,0.05758775,0.37901968,-1.9824083,2.8121078,-0.5811906,-1.4961063,3.4168952,1.0311888,-0.44368902,-1.5852852,-0.68807447,2.3106627,1.7015063,0.50911605,2.4178355,0.83231896,-0.693827,-1.0640593,0.09337652,1.0719827,-2.045043,0.8342925,0.81247205,1.3245091,-0.68995935,-0.7196205,0.5351096,2.7972803,3.9000475,0.20298706,2.1943398,0.5257693,-0.66885734,0.72316,-0.8567617,0.95012176,-0.055299476,-0.7179667,2.6415372,-0.15785901,0.4097251,0.25549373,-0.8042322,1.3277177,-2.3740005,0.45577648,-2.3235765,-3.5483983,1.2515622,0.23309319,-2.7393966,1.4831555,1.8447101,-1.8878114,2.8238277,-3.0867841,2.1742234,-0.98730415,0.4715195,0.5538405,-0.32686433,1.3950799,0.66362226,-2.1816926,0.98677355,-0.7375419,-1.3288896,-1.4411149,-0.027343687,-2.0519404,2.383038,1.9620618,-0.92011774,-1.245683,-3.3594925,0.487635,-0.10380889,0.50677365,0.7391151,0.84545934,0.617253,1.090487,1.0503479,-0.30217412,0.74808186,-1.4253742,2.1055691,-0.13635999,0.77200556,2.681961,-3.0989823,-0.08149735,-1.6671534,1.374016,2.0807793,-0.8918458,1.9611882
CCCN1CC(=O)N(C)[C@@H](Cc2ccc(C)cc2)C(=O)N(C)CC(=O)N[C@@H](CCc2ccc(C(F)(F)F)c(Cl)c2)C(=O)N2CCC[C@H]2C(=O)NC2(CCCC2)C(=O)N(C)[C@@H](C2CCCC2)C(=O)N(C)[C@H](C(=O)N2CCOCC2)CC(=O)N(C)[C@@H](CC(C)C)C(=O)N[C@@H]([C@@H](C)CC)C(=O)N(C)CC1=O,9.11,3,-0.55725694,-0.62386024,1.8544447,-1.2959684,-1.4603541,1.2166129,0.6566382,-0.31408924,2.1667144,2.1469262,0.76132053,0.051807508,-0.9385566,-1.7680411,3.102926,-1.7555314,0.118999586,0.9926257,3.6978052,-0.71368206,2.2055776,1.4529989,0.45935404,0.38290843,-2.0865898,0.9731328,0.33894193,1.0189573,0.17309041,-2.1904793,0.51906735,-0.7767681,1.6448026,-4.1360064,-1.2906874,-2.5098941,1.3789111,1.07513,1.5229622,-0.85909903,2.0944214,-1.3293549,0.32490757,1.3355138,-1.4768599,0.14201424,1.4945352,0.9267019,-2.9506063,1.356139,2.5004728,1.1994841,1.7920251,0.418454,0.41993394,0.64766693,-0.15103208,0.37981382,-3.5024176,-3.4808567,2.0674634,1.50488,0.108096406,0.7758486,-2.4472206,-0.66370255,1.9109195,0.5838439,1.2510598,0.11733202,-0.6570022,-3.353417,2.9068873,1.5512038,-2.5430858,-2.2468565,0.88579696,-2.0138915,-1.0694689,-1.6723863,-1.0507715,-2.2283766,-0.85609645,-0.8689827,2.3174665,-1.0277634,-0.8547198,1.5694407,0.87167007,-3.734724,-1.1095197,1.4305995,-0.015109637,-3.2177556,1.6998297,-0.29817027,0.08475407,-3.2224598,1.5803441,-3.4815645,-1.516496,0.25818333,-0.5858708,-1.8630731,-1.0773746,2.6113265,-0.33459598,0.38345215,-0.062454596,0.6129363,-1.7293639,1.7221597,-0.33231756,-1.8238655,-0.31069836,-0.14859879,2.3646193,-0.08055557,-1.5646017,2.7893467,-0.91932756,-1.5609598,0.55668366,3.4471705,-0.94497937,3.908421,1.3638175,1.6570346,1.9870989,0.1991407,-1.516506,-0.948736,2.1198647,0.57962114,-1.4434385,-2.1927378,1.3462873,2.5495152,-0.13501777,-0.95785296,-0.41473353,-1.6831079,-3.296281,-0.5790505,1.3615131,-2.071476,-1.6070825,-1.896211,0.25669116,-3.7644424,0.18977593,2.0731409,-1.7215539,-0.93042105,0.5989501,1.40633,0.30219087,0.63115674,0.16105391,2.2090356,-1.6637902,-3.0058599,2.9732554,2.2408283,-2.5722964,0.8747411,0.028822562,-0.006767546,-0.45639676,-0.09704045,-1.5030341,2.5111082,0.61957186,-2.1597602,-0.061250642,-1.1144931,2.749374,-2.137404,-1.3139652,-1.6611152,-1.384981,-0.6993228,-1.3966017,-3.2191446,0.8317686,-1.2758341,-2.2091508,2.1504185,-1.9641514,2.4260638,3.5479445,0.77037793,-1.1247276,-1.4708152,1.0989711,0.7171913,-0.7047581,1.2105474,-1.6879243,-1.9446567,-0.5290769,-2.4800363,-0.23338911,0.041293733,0.39038664,-1.9903002,2.8739254,-0.57727313,-1.4841067,3.4312303,1.0417026,-0.4409619,-1.6315145,-0.6948113,2.310815,1.6774172,0.5113741,2.4402492,0.8660948,-0.7067193,-1.0856329,0.12116419,1.1029019,-2.0586271,0.7713579,0.81886965,1.3353336,-0.70596963,-0.7203287,0.5350904,2.8435245,3.9490974,0.20358765,2.196445,0.5670426,-0.6763207,0.72516435,-0.8469658,0.92746526,-0.052444093,-0.7347332,2.692334,-0.19727516,0.40365282,0.29057106,-0.81014186,1.3739232,-2.4345438,0.44471413,-2.3360574,-3.603622,1.250055,0.22240888,-2.7821267,1.4925773,1.8635926,-1.9188318,2.8463562,-3.1219554,2.2057064,-1.019426,0.4910372,0.5713679,-0.35065174,1.425416,0.6891958,-2.2215116,1.0065426,-0.73361826,-1.3450105,-1.4731584,-0.035872143,-2.064218,2.39331,1.986001,-0.9232997,-1.2553445,-3.4088871,0.5329473,-0.12555034,0.5164592,0.742294,0.85844386,0.6234464,1.1005468,1.0553383,-0.33157057,0.72085774,-1.4566106,2.1689346,-0.1237494,0.80305535,2.737216,-3.1596847,-0.11344071,-1.7000523,1.3523211,2.1079512,-0.88419646,1.9823446
CCCCN1CC(=O)N(C)[C@@H](Cc2ccc(C)cc2)C(=O)N(C)CC(=O)N[C@@H](CCc2ccc(C(F)(F)F)c(Cl)c2)C(=O)N2CCC[C@H]2C(=O)NC2(CCCC2)C(=O)N(C)[C@@H](C2CCCC2)C(=O)N(C)[C@H](C(=O)N2CCOCC2)CC(=O)N(C)[C@@H](CC(C)C)C(=O)N[C@@H]([C@@H](C)CC)C(=O)N(C)CC1=O,9.19,1,-0.54809546,-0.6089892,1.8843256,-1.3328727,-1.4783415,1.220462,0.645308,-0.31416023,2.1921134,2.1740067,0.77100027,0.059893318,-0.9192625,-1.7862904,3.1341767,-1.7891439,0.14433397,1.0067741,3.7429903,-0.7146318,2.2304454,1.4697069,0.4833636,0.38992965,-2.0960352,0.9710296,0.36591813,1.0537727,0.15582758,-2.196375,0.50240123,-0.80144536,1.6681033,-4.169557,-1.3048702,-2.5550792,1.3751976,1.0995475,1.5129745,-0.8687043,2.1169546,-1.3698027,0.34067154,1.3672832,-1.4810481,0.13840885,1.4954058,0.9565736,-2.9662254,1.3984071,2.5106044,1.2180068,1.8178214,0.43473995,0.4221299,0.66623753,-0.13605449,0.375252,-3.553896,-3.527462,2.0776644,1.4999508,0.1129098,0.7682897,-2.449234,-0.6776058,1.9351792,0.5920246,1.266591,0.09615197,-0.6617992,-3.3751063,2.9399316,1.5688818,-2.557865,-2.2536962,0.85863495,-2.044942,-1.0719793,-1.66866,-1.0735054,-2.2494504,-0.8731337,-0.8848062,2.3451226,-1.0255413,-0.8447026,1.5870062,0.87853295,-3.769089,-1.1185343,1.4276448,-0.013008644,-3.2693698,1.7177887,-0.2951577,0.058361657,-3.236454,1.6135061,-3.5260828,-1.5409315,0.25942644,-0.5691692,-1.9084148,-1.0750229,2.6522462,-0.30800432,0.39378676,-0.036029637,0.61132914,-1.7541195,1.7365053,-0.3043211,-1.8458987,-0.30780783,-0.14168452,2.4000878,-0.08368764,-1.5800234,2.836621,-0.91755724,-1.569348,0.56401527,3.4936903,-0.9571902,3.9679961,1.3814932,1.6685978,2.0014846,0.1971179,-1.5320199,-0.9530392,2.1389704,0.58613604,-1.4538102,-2.215861,1.3606819,2.592715,-0.14262258,-0.945186,-0.40341824,-1.6914904,-3.302807,-0.58789396,1.3897909,-2.1045432,-1.628291,-1.9277438,0.25415507,-3.7865818,0.17763889,2.0874062,-1.7546122,-0.9421504,0.6053039,1.4275604,0.31936994,0.6234509,0.1601149,2.21617,-1.6511546,-3.042959,2.9940689,2.27437,-2.5923312,0.887988,0.033720728,-0.0014053563,-0.45876813,-0.12983896,-1.5220428,2.5412142,0.60328084,-2.1882944,-0.05645565,-1.1147292,2.7750337,-2.178073,-1.3393744,-1.6723737,-1.3951497,-0.7071028,-1.4078147,-3.2488272,0.8250622,-1.3326494,-2.244563,2.158675,-1.9907695,2.4465384,3.5872836,0.77570295,-1.1526372,-1.4890432,1.1052253,0.7179873,-0.71151805,1.2255888,-1.7171698,-1.9792548,-0.5346414,-2.5118256,-0.22184534,0.0435366,0.37419176,-2.0221527,2.883517,-0.5868205,-1.5286098,3.4837885,1.0357914,-0.45693928,-1.6420373,-0.7135568,2.356374,1.7025288,0.5082745,2.5099525,0.890662,-0.70724314,-1.0958272,0.12643705,1.1259613,-2.093399,0.7581529,0.82895243,1.3304597,-0.6952703,-0.759054,0.5086956,2.858236,4.003836,0.21999834,2.2286072,0.5663984,-0.66499966,0.7562709,-0.8542155,0.91531783,-0.014377099,-0.7507533,2.7374773,-0.1907394,0.39956358,0.27902883,-0.83136284,1.4010341,-2.4655952,0.46299082,-2.3287823,-3.6447039,1.2634349,0.24138553,-2.7989283,1.5145714,1.9014617,-1.9505831,2.8853512,-3.1291478,2.212127,-1.0232995,0.51256603,0.5385846,-0.34931743,1.4715718,0.6902784,-2.2639353,1.0059111,-0.74813884,-1.3939493,-1.4935992,-0.046756,-2.0775855,2.4436522,2.0295672,-0.95781565,-1.275055,-3.430483,0.549627,-0.12226408,0.5414026,0.73933685,0.86469716,0.63609815,1.0927815,1.0626309,-0.3338647,0.73321354,-1.4697187,2.2022543,-0.11762498,0.81625533,2.7716086,-3.1989489,-0.12026501,-1.6957875,1.3556889,2.1402774,-0.88486385,1.987978
CC[C@H](C)[C@@H]1NC(=O)[C@H](CC(C)C)N(C)C(=O)C[C@@H](C(=O)N2CCOCC2)N(C)C(=O)[C@H](C2CCCC2)N(C)C(=O)C2(CCCC2)NC(=O)[C@@H]2CCCN2C(=O)[C@H](CCc2ccc(C(F)(F)F)c(Cl)c2)NC(=O)CN(C)C(=O)[C@H](Cc2ccc(C)cc2)N(CC)C(=O)CN(C)C(=O)CN(C)C1=O,9.74,3,-0.58282375,-0.63327307,1.8378026,-1.3067497,-1.4421836,1.1981596,0.6845401,-0.29208133,2.129619,2.152877,0.7287892,0.033342663,-0.94250286,-1.763259,3.0794516,-1.7129183,0.105706625,0.97061014,3.687798,-0.75601023,2.1588712,1.4230654,0.46676934,0.38977718,-2.078408,0.960721,0.35859603,1.0041313,0.16521944,-2.1725705,0.5373905,-0.77012837,1.6330209,-4.0906887,-1.2764965,-2.4481099,1.3746026,1.0512992,1.5058279,-0.8102488,2.0928755,-1.3394105,0.31630975,1.3201488,-1.4633096,0.11306732,1.5129931,0.94180995,-2.902599,1.3549291,2.4757266,1.1325048,1.7929293,0.43585163,0.4037985,0.6730469,-0.17306075,0.3870687,-3.4335537,-3.428147,2.0555804,1.4888897,0.11531092,0.7420617,-2.3934898,-0.6446424,1.8616775,0.58494616,1.254443,0.10810909,-0.63959646,-3.311288,2.871274,1.533576,-2.5255094,-2.2714276,0.85485387,-1.9745702,-1.05658,-1.6599253,-1.088063,-2.1991622,-0.8633884,-0.86654973,2.2818482,-1.0181425,-0.85282916,1.5286542,0.8414931,-3.6788723,-1.0461625,1.3967015,0.0068055163,-3.2030303,1.6620122,-0.2790234,0.116287336,-3.225283,1.5612053,-3.446496,-1.514582,0.2642041,-0.5999835,-1.8272415,-1.0211318,2.5528522,-0.32265204,0.35492545,-0.04337547,0.6283537,-1.6948806,1.7156082,-0.33250684,-1.821636,-0.31726506,-0.14911523,2.367342,-0.07730601,-1.5174059,2.7268286,-0.91789114,-1.5471213,0.5692621,3.4372392,-0.93433017,3.8754015,1.32525,1.6132021,1.9601566,0.19821113,-1.441801,-0.91186255,2.0706758,0.5491652,-1.4352573,-2.1810768,1.3394388,2.5028155,-0.12336474,-0.9780476,-0.4054604,-1.676633,-3.2730775,-0.5780124,1.3581854,-2.062785,-1.537754,-1.8766712,0.24742875,-3.698869,0.190999,2.026911,-1.7043903,-0.95088065,0.6103594,1.408884,0.29230878,0.62816405,0.12968346,2.2026074,-1.6173143,-2.9259877,2.9257834,2.2140212,-2.5442514,0.8864789,0.018606674,-0.037008077,-0.43080944,-0.06917152,-1.5138056,2.4678354,0.6347159,-2.135321,-0.06741722,-1.100501,2.7322996,-2.0941825,-1.3432848,-1.6168052,-1.375016,-0.7086342,-1.378719,-3.194746,0.7961865,-1.2554133,-2.1662507,2.1430242,-1.9705248,2.392147,3.5312817,0.76257175,-1.1200987,-1.4416538,1.0571619,0.69309163,-0.7059312,1.167527,-1.6663258,-1.9150711,-0.5082564,-2.4413369,-0.25125256,0.057055857,0.3854025,-1.9780089,2.809429,-0.5829702,-1.4981627,3.4128578,1.0320193,-0.4474784,-1.5852473,-0.68889964,2.3080924,1.7023656,0.5088607,2.4150906,0.8323639,-0.69729435,-1.0692731,0.08367509,1.0720255,-2.0463755,0.8335779,0.8107369,1.3273531,-0.6910629,-0.71927273,0.53476596,2.7992544,3.8983104,0.2029706,2.2027006,0.528814,-0.6683184,0.7251131,-0.85786164,0.9519893,-0.053340957,-0.72060525,2.6419616,-0.1544028,0.40594307,0.2585558,-0.8061658,1.3256876,-2.3754816,0.45265213,-2.320744,-3.5482707,1.2527785,0.23059125,-2.7384424,1.4844977,1.8433805,-1.8863525,2.8267531,-3.0853345,2.1742244,-0.9862194,0.47113442,0.56046116,-0.3271143,1.4001971,0.66112787,-2.1838639,0.98279107,-0.7335776,-1.3276479,-1.4446915,-0.026000887,-2.0554667,2.3805041,1.9646789,-0.9209823,-1.2440152,-3.3577626,0.4854466,-0.102610886,0.5044673,0.7410291,0.8412616,0.6162519,1.0894598,1.0488192,-0.3037917,0.74827707,-1.423541,2.1071036,-0.14341168,0.77244514,2.6845117,-3.0999954,-0.082267225,-1.6695399,1.370494,2.0822234,-0.8936484,1.9669662
CC[C@H](C)[C@@H]1NC(=O)[C@H](CC(C)C)N(C)C(=O)C[C@@H](C(=O)N2CCOCC2)N(C)C(=O)[C@H](C2CCCC2)N(C)C(=O)C2(CCCC2)NC(=O)[C@@H]2CCCN2C(=O)[C@H](CCc2ccc(C(F)(F)F)c(Cl)c2)NC(=O)CN(C)C(=O)[C@H](Cc2ccc(C(F)(F)F)cc2)N(CC)C(=O)CN(C)C(=O)CN(C)C1=O,9.85,5,-0.71741885,-0.82838064,1.7044369,-1.1430391,-1.540633,1.2545617,0.7519332,-0.3150455,2.1465776,2.165128,0.8022894,0.0009775679,-1.0450838,-1.9052498,3.2669487,-1.6460407,0.11581291,1.1045761,3.771683,-0.8291408,2.0907555,1.5331414,0.60916716,0.3841992,-2.0825381,1.025325,0.23973896,0.97412944,0.3060148,-2.256639,0.7253318,-0.65315527,1.6910576,-4.185621,-1.2833298,-2.2758296,1.5159603,1.1703391,1.7174971,-0.8082441,2.07341,-1.4320908,0.31637007,1.3392725,-1.63046,0.29343793,1.5332133,0.83403474,-3.112894,1.2051958,2.6404607,1.0702648,1.8168929,0.41490003,0.41924036,0.6176683,-0.1906557,0.29686624,-3.3505843,-3.3520453,1.9076799,1.7046319,0.2376241,0.86125594,-2.5094156,-0.63192695,1.9131805,0.6033069,1.2722054,0.23539585,-0.54140604,-3.3971267,2.747122,1.5109283,-2.6952455,-2.3529994,0.9248725,-2.0176003,-1.0429773,-1.6646978,-1.1790808,-2.1677535,-0.92170185,-0.93160826,2.2861338,-1.2313266,-0.86808205,1.5655365,0.7103769,-3.5243597,-0.9885111,1.6127527,-0.009465545,-3.106323,1.703343,-0.21512254,0.2207759,-3.1530206,1.5878723,-3.4442494,-1.4907701,0.23766702,-0.74297,-1.8917685,-1.0108956,2.5549808,-0.41679287,0.52990615,-0.2755393,0.60157865,-1.7216557,1.8031881,-0.43712562,-1.7825618,-0.43295875,-0.17896831,2.2962182,-0.033581346,-1.6132021,2.805181,-0.94794947,-1.6318281,0.4999679,3.3732514,-0.91155905,3.7360158,1.3527888,1.7653595,1.9522694,0.29416728,-1.4295883,-0.9941772,2.0746677,0.60476863,-1.5136364,-2.1330674,1.427695,2.416073,-0.19451492,-1.2416618,-0.44870082,-1.7034414,-3.2536328,-0.66188353,1.263273,-2.1001813,-1.6280963,-1.9230909,0.29629618,-3.7068088,0.21872641,1.989439,-1.6464477,-1.0578609,0.6301742,1.3488452,0.13971585,0.6044639,0.23124617,2.259668,-1.6763116,-3.154104,3.0631201,2.282482,-2.5189304,1.0377009,0.009452603,-0.124717675,-0.43624964,0.017301446,-1.5884901,2.5256412,0.7256788,-2.0761952,-0.03193043,-1.0681642,2.7067533,-1.9295833,-1.1948333,-1.6244731,-1.4784517,-0.61452657,-1.3979429,-3.154646,0.84674454,-1.0873079,-2.041463,2.2925425,-2.072665,2.6518443,3.5932827,0.7749177,-1.1500794,-1.4263773,1.0534155,0.6950007,-0.6578309,1.2857755,-1.6776956,-1.9508204,-0.5308436,-2.4743187,-0.29175946,-0.07145361,0.3828855,-1.9878889,2.8930156,-0.52845824,-1.5294626,3.2238889,1.0293165,-0.5297924,-1.5098902,-0.727768,2.255763,1.6044774,0.48234984,2.2243118,0.6935308,-0.7365105,-1.0443312,0.19782135,1.0383952,-2.0240471,0.7702386,0.8389946,1.5125252,-0.79867125,-0.4965924,0.54613864,2.9173012,3.902301,0.20173602,2.0886378,0.44453147,-0.64039665,0.53995407,-0.98344517,0.97673684,-0.10121995,-0.70401156,2.6521895,-0.18888345,0.4801004,0.27008954,-0.65982765,1.3864559,-2.2744818,0.46756962,-2.3836296,-3.5938148,1.2317756,0.1723884,-2.6464207,1.4345142,1.7884873,-1.8442689,2.774207,-3.1629963,2.2633288,-0.94578546,0.5359525,0.6391755,-0.3296614,1.095043,0.7485909,-2.240853,0.9244508,-0.80325365,-1.0435884,-1.3662117,-0.027234113,-2.1908176,2.3721304,1.9369205,-1.0203787,-1.0331329,-3.277001,0.46447498,-0.0530057,0.4230726,0.82095087,0.89092904,0.48058236,1.2214043,1.0417998,-0.42053083,0.7380369,-1.4164027,2.1959064,-0.108512014,0.7860204,2.6494753,-3.1239882,0.05991667,-1.7819347,1.3465455,2.0477805,-0.9255235,2.0436652
CC[C@H](C)[C@@H]1NC(=O)[C@H](CC(C)C)N(C)C(=O)C[C@@H](C(=O)N2CCOCC2)N(C)C(=O)[C@H](C2CCCC2)N(C)C(=O)C2(CCCC2)NC(=O)[C@@H]2CCCN2C(=O)[C@H](CCc2ccc(C(F)(F)F)c(Cl)c2)NC(=O)CN(C)C(=O)[C@H](C2CCCC2)N(CC)C(=O)CN(C)C(=O)CN(C)C1=O,8.23,1,-0.6461958,-0.68024296,1.6890233,-1.2019151,-1.4267148,1.1530639,0.68754137,-0.24783534,2.117536,2.094836,0.7866159,0.09909747,-0.8013583,-1.7532448,3.0642617,-1.6487793,0.076237135,0.9936516,3.6314397,-0.70252013,2.1240985,1.4847347,0.48886263,0.33138067,-1.9711806,0.934283,0.4148569,0.9586335,0.20171796,-2.1365912,0.52702165,-0.71974236,1.5526218,-3.9003162,-1.220475,-2.2958908,1.4515228,0.9833744,1.4689224,-0.78084546,1.9368039,-1.3569775,0.24018863,1.2941166,-1.4288087,0.055842776,1.5135002,0.9251532,-2.8697534,1.3266804,2.5061452,1.1547147,1.6921244,0.32470098,0.53659236,0.59650075,-0.13287427,0.3110834,-3.372769,-3.3457382,1.8839949,1.4535117,0.14327867,0.7274566,-2.3065624,-0.6339362,1.8620878,0.6647992,1.2478153,0.11365386,-0.63019437,-3.1679456,2.8303916,1.5073228,-2.428034,-2.1992948,0.82249695,-2.0092006,-0.93830043,-1.6731081,-1.0104797,-2.0572255,-0.7798872,-0.81291246,2.0993333,-1.00171,-0.7963402,1.5257914,0.7558643,-3.5358603,-0.9587465,1.3714153,-0.06014256,-3.195208,1.5472959,-0.19068429,0.135511,-3.0746102,1.5087647,-3.349283,-1.4104975,0.20088525,-0.6207191,-1.7588532,-0.98205966,2.5348418,-0.2760701,0.351197,-0.082388945,0.6240095,-1.6297033,1.681819,-0.29363737,-1.8108904,-0.31104687,-0.14378957,2.273742,-0.11846035,-1.4645555,2.644768,-0.8963174,-1.4645538,0.5396708,3.2757268,-0.8535035,3.6717956,1.3963621,1.5510247,1.988084,0.23996758,-1.3455712,-0.89296764,1.9926733,0.5441242,-1.4573458,-2.0716848,1.364464,2.380625,-0.12643617,-0.93356407,-0.41113755,-1.6032183,-3.175497,-0.5472954,1.3170323,-1.9579114,-1.5694561,-1.898961,0.21608599,-3.628774,0.1915928,1.9947566,-1.6197423,-0.95273924,0.52002656,1.374781,0.27537924,0.6863926,0.09798363,2.142003,-1.5560706,-2.82996,2.9215853,2.1973672,-2.4648116,0.846873,0.12738942,-0.01761964,-0.4459973,-0.07824784,-1.4708489,2.4001875,0.6068015,-1.9930005,-0.05942215,-1.0798371,2.578815,-2.066163,-1.2260549,-1.5689139,-1.2652165,-0.6515716,-1.401332,-3.0194197,0.7616449,-1.1894054,-2.0620928,2.151286,-1.9290835,2.342476,3.451058,0.7536063,-1.0201238,-1.3532603,1.0421218,0.5667352,-0.6619742,1.2206873,-1.5541654,-1.9882835,-0.5676456,-2.3684413,-0.27456126,0.04833407,0.43955845,-1.9920743,2.7941015,-0.5537437,-1.494735,3.1601245,1.0664368,-0.472042,-1.5382887,-0.65739757,2.1242576,1.6386186,0.48072603,2.310146,0.8695508,-0.6357641,-0.99434036,0.1305841,1.0248029,-1.9658445,0.7556489,0.79808223,1.3092667,-0.72711164,-0.5859823,0.549696,2.7372928,3.7104628,0.16800438,2.0817823,0.45904458,-0.57378924,0.55464673,-0.8711805,0.85202533,-0.053055055,-0.6843652,2.486082,-0.12833247,0.46268922,0.33700818,-0.7109857,1.2696939,-2.2685986,0.508197,-2.284372,-3.4317589,1.207359,0.12027368,-2.6754985,1.4455451,1.7268486,-1.8645611,2.6799934,-2.9589946,2.1565788,-0.88435453,0.45895413,0.6086877,-0.27711678,1.2201461,0.659827,-2.063112,0.8832298,-0.7716487,-1.1933553,-1.4238647,-0.0065307487,-2.03962,2.3519974,1.8645147,-0.8977541,-1.2206278,-3.2979364,0.5178449,-0.078480266,0.4604447,0.60614437,0.87603927,0.58032966,1.0653582,1.002122,-0.3222356,0.6911681,-1.4526788,2.1104596,-0.08085603,0.8188382,2.6116755,-3.0052807,-0.0012358367,-1.6523411,1.3207438,2.1618326,-0.95602584,1.7026623
CC[C@H](C)[C@@H]1NC(=O)[C@H](CC(C)C)N(C)C(=O)C[C@@H](C(=O)N2CCOCC2)N(C)C(=O)[C@H](C2CCCC2)N(C)C(=O)C2(CCCC2)NC(=O)[C@@H]2CCCN2C(=O)[C@H](CCc2ccc(C(F)(F)F)c(Cl)c2)NC(=O)CN(CC)C(=O)[C@H](Cc2ccc(C)cc2)N(C)C(=O)CN(C)C(=O)CN(C)C1=O,8.62,2,-0.5809591,-0.6324729,1.8374946,-1.307345,-1.440579,1.2048882,0.687876,-0.2910613,2.1362941,2.1561966,0.72959894,0.033003848,-0.9375706,-1.7612019,3.0801475,-1.7101823,0.10398132,0.9696419,3.6865468,-0.75556064,2.1613743,1.4247732,0.4708904,0.39341965,-2.087086,0.96253026,0.3557799,1.0029615,0.16919705,-2.170165,0.5380834,-0.76924336,1.6293614,-4.0905876,-1.283301,-2.443278,1.3796607,1.0486795,1.5092844,-0.81190354,2.0963414,-1.336108,0.31635913,1.3253138,-1.4617587,0.11344063,1.511189,0.94017196,-2.9057646,1.3563905,2.477208,1.1319525,1.7934991,0.43422523,0.40369126,0.6726142,-0.1752254,0.3870454,-3.437769,-3.4281273,2.0571203,1.4882898,0.114847764,0.73991203,-2.4024289,-0.64548415,1.8645045,0.5852841,1.2550284,0.10721067,-0.6413685,-3.3149903,2.86977,1.5298097,-2.528188,-2.2700603,0.8537456,-1.9780682,-1.0564718,-1.6650238,-1.0869166,-2.1982691,-0.8603438,-0.8665522,2.282324,-1.014824,-0.8535507,1.5273085,0.8393759,-3.679219,-1.0499625,1.3963096,0.005890875,-3.205178,1.664226,-0.278194,0.12167346,-3.226719,1.555555,-3.4451692,-1.5169398,0.2589838,-0.6017843,-1.827274,-1.021315,2.555849,-0.32473078,0.3555617,-0.047208354,0.6253198,-1.6884338,1.7185867,-0.33364293,-1.8239028,-0.31583798,-0.15439056,2.3703158,-0.077260666,-1.5214162,2.7269325,-0.922416,-1.5503136,0.56726295,3.4376023,-0.93688905,3.881286,1.3244919,1.615111,1.9611663,0.19730306,-1.4377639,-0.91185987,2.0722857,0.5509158,-1.4373138,-2.179465,1.3407484,2.5024574,-0.12218896,-0.98493934,-0.40641367,-1.6807468,-3.2737238,-0.57307446,1.3514788,-2.0604987,-1.5396262,-1.8800322,0.24837396,-3.6995854,0.19227685,2.028516,-1.7001597,-0.9511996,0.6130934,1.4100991,0.29322582,0.62768006,0.125391,2.2082083,-1.615471,-2.9248314,2.9291809,2.214423,-2.5469599,0.8877167,0.024834938,-0.040357903,-0.43345988,-0.065506175,-1.5157554,2.4671128,0.6358929,-2.1346667,-0.06930879,-1.0959187,2.7337613,-2.1004307,-1.3378141,-1.6175563,-1.3674134,-0.7090589,-1.3814949,-3.1933718,0.79399776,-1.2576405,-2.1665275,2.1461835,-1.967885,2.3946245,3.5366235,0.7632955,-1.1215656,-1.4446884,1.0601014,0.6922745,-0.7041192,1.1672968,-1.6683009,-1.9123936,-0.5100159,-2.4405134,-0.25078493,0.056951664,0.38398665,-1.9837501,2.810855,-0.58735996,-1.4980181,3.4137936,1.0292339,-0.44539392,-1.5889459,-0.68821406,2.3098755,1.7047443,0.50888664,2.416044,0.83249205,-0.6989305,-1.0685909,0.08681005,1.0751401,-2.045263,0.8320053,0.8127301,1.3238012,-0.6899573,-0.72088146,0.53854847,2.800017,3.899519,0.20471238,2.1979816,0.52957654,-0.6695915,0.7218179,-0.8573333,0.950465,-0.058835946,-0.7183432,2.639722,-0.1561203,0.40671235,0.25928238,-0.8057078,1.3250648,-2.372633,0.4551185,-2.3248968,-3.54925,1.2513276,0.22632968,-2.7374306,1.4853677,1.8481948,-1.8841709,2.8266647,-3.084022,2.1737678,-0.9872577,0.472677,0.55758995,-0.32494733,1.3989842,0.66450375,-2.1845636,0.98582405,-0.7344636,-1.3282757,-1.4456123,-0.02326331,-2.0564559,2.3792431,1.9640543,-0.92211103,-1.2424203,-3.3621063,0.48223445,-0.10691696,0.50600123,0.737401,0.84008026,0.6174323,1.0902027,1.0487816,-0.3016324,0.7475558,-1.4261396,2.1086724,-0.13827631,0.7717954,2.6804757,-3.0982392,-0.08159085,-1.6647822,1.3707718,2.0843132,-0.89349675,1.9641013
CC[C@H](C)[C@@H]1NC(=O)[C@H](CC(C)C)N(C)C(=O)C[C@@H](C(=O)N2CCOCC2)N(C)C(=O)[C@H](C2CCCC2)N(C)C(=O)C2(CCCC2)NC(=O)[C@@H]2CCCN2C(=O)[C@H](CCc2ccc(C(F)(F)F)c(Cl)c2)NC(=O)CN(C)C(=O)[C@H](Cc2ccc(C)cc2)N(CC)C(=O)CN(CC)C(=O)CN(C)C1=O,9.1,5,-0.57774246,-0.62871283,1.8585299,-1.3247943,-1.4572433,1.2135221,0.665519,-0.2951783,2.1393144,2.1675854,0.7336422,0.027862336,-0.93284786,-1.7723204,3.089659,-1.7254188,0.11725104,0.96866256,3.7042208,-0.75567997,2.1823895,1.4383458,0.4593168,0.3762915,-2.0971327,0.95834255,0.37086162,1.0238665,0.16034237,-2.1856751,0.52583617,-0.78454256,1.6445956,-4.128756,-1.2894269,-2.4897633,1.3801633,1.0624989,1.5071787,-0.8046304,2.1062295,-1.349813,0.32133028,1.3319565,-1.4632887,0.10957035,1.526713,0.95383304,-2.913074,1.3683476,2.4856844,1.1429504,1.8142036,0.4505454,0.40269455,0.68948495,-0.16876012,0.39576927,-3.471801,-3.4514852,2.078703,1.4918704,0.11057424,0.74811155,-2.4102843,-0.64793783,1.8816656,0.5922738,1.2693014,0.11505347,-0.64231896,-3.3251812,2.8967512,1.5493984,-2.5375752,-2.2827187,0.8559431,-1.9922804,-1.0733267,-1.6631852,-1.090749,-2.216341,-0.8610319,-0.8713502,2.3046427,-1.0125992,-0.8498949,1.5310807,0.8567916,-3.7175004,-1.0694226,1.4028473,0.016845826,-3.2355905,1.6810548,-0.2844099,0.09716424,-3.2447908,1.5851289,-3.4624648,-1.5287379,0.27076888,-0.58704525,-1.8258638,-1.0331901,2.5614989,-0.3192952,0.3404713,-0.04694215,0.6239888,-1.711011,1.7194637,-0.31922475,-1.8464049,-0.3245642,-0.14242446,2.3968878,-0.06404529,-1.5276215,2.7484524,-0.9230546,-1.5616324,0.5756944,3.4671977,-0.94643486,3.9080327,1.3458334,1.6302019,1.9707006,0.19050705,-1.4719217,-0.9222181,2.0861588,0.55580026,-1.4358698,-2.188634,1.3433235,2.5214286,-0.118369386,-0.9667368,-0.4102398,-1.6936775,-3.3086617,-0.5786917,1.3707367,-2.0675404,-1.5440007,-1.8797507,0.23827487,-3.753963,0.19195816,2.0590184,-1.7178746,-0.9490564,0.6024968,1.4142774,0.30812296,0.6279533,0.12817201,2.2116795,-1.6170113,-2.9465125,2.947851,2.2451272,-2.5604944,0.8757242,0.018689917,-0.027781194,-0.44253603,-0.08103966,-1.5215114,2.4889042,0.6351351,-2.1455936,-0.06770988,-1.1119046,2.7575364,-2.1101162,-1.3385104,-1.6362631,-1.3887464,-0.7131878,-1.3829799,-3.214776,0.8125128,-1.283519,-2.1942525,2.150225,-1.9683554,2.4085917,3.5445495,0.7554165,-1.1099535,-1.4453276,1.064599,0.70623624,-0.7198752,1.1854118,-1.6695926,-1.9274982,-0.516265,-2.4639945,-0.2557613,0.0595848,0.3937097,-2.0075727,2.8336656,-0.5831159,-1.5049722,3.4501784,1.0427063,-0.43368372,-1.6087354,-0.6945506,2.3418963,1.720053,0.5108153,2.453874,0.84743154,-0.6998899,-1.086047,0.08765026,1.0841001,-2.0510364,0.8279465,0.8155237,1.3360364,-0.6854041,-0.7353012,0.53232116,2.8219118,3.938163,0.1981969,2.217953,0.5401364,-0.6787796,0.7472886,-0.86669123,0.96338284,-0.039878074,-0.7239766,2.6650085,-0.16240865,0.4131763,0.2599359,-0.81341565,1.3411415,-2.3991318,0.4568172,-2.3270338,-3.5790436,1.254095,0.22557507,-2.7678857,1.4868681,1.8553989,-1.9051437,2.850628,-3.1143897,2.1817653,-0.99444187,0.4629231,0.54735965,-0.33794957,1.4250782,0.6738341,-2.196234,0.9880259,-0.7278514,-1.3560803,-1.4512973,-0.022962397,-2.076662,2.406088,1.9845992,-0.9354011,-1.2637645,-3.399814,0.4947959,-0.10179293,0.51518327,0.7366574,0.8411702,0.63268495,1.0980844,1.0524192,-0.3106579,0.7489413,-1.4389888,2.1333666,-0.14929143,0.7795374,2.7211788,-3.1272583,-0.091229886,-1.6715178,1.377553,2.1065738,-0.8949217,1.985406
